,ClassEntropy,SymbolsSum,SymbolsSTD,SymbolsMean,SymbolsMax,SymbolsMin,ClassProbabilitySTD,ClassProbabilityMean,ClassProbabilityMax,ClassProbabilityMin,InverseDatasetRatio,DatasetRatio,RatioNominalToNumerical,RatioNumericalToNominal,NumberOfCategoricalFeatures,NumberOfNumericFeatures,NumberOfMissingValues,NumberOfFeaturesWithMissingValues,NumberOfInstancesWithMissingValues,NumberOfFeatures,NumberOfClasses,NumberOfInstances,LogInverseDatasetRatio,LogDatasetRatio,PercentageOfMissingValues,PercentageOfFeaturesWithMissingValues,PercentageOfInstancesWithMissingValues,LogNumberOfFeatures,LogNumberOfInstances,SkewnessSTD,SkewnessMean,SkewnessMax,SkewnessMin,KurtosisSTD,KurtosisMean,KurtosisMax,KurtosisMin
openml_232,1.1898338562043977,49.0,1.3679553264445183,1.8846153846153846,7.0,1.0,0.28282850691819206,0.2,0.7616926503340757,0.008908685968819599,28.0625,0.035634743875278395,4.333333333333333,0.23076923076923078,26.0,6.0,16787.0,23.0,898.0,32.0,5.0,898.0,3.334434165502473,-3.334434165502473,0.5841801224944321,0.71875,1.0,3.4657359027997265,6.8001700683022,9.891638961725274,0.662937014245801,29.916569235579203,-29.916569235579203,228.89100785084477,96.41844635777252,893.0011148272025,-1.9726517240001602
openml_236,4.699810726573158,0.0,0.0,0.0,0.0,0.0,0.0011362309228581885,0.038461538461538464,0.04065,0.0367,1250.0,0.0008,0.0,0.0,0.0,16.0,0.0,0.0,0.0,16.0,26.0,20000.0,7.1308988302963465,-7.1308988302963465,0.0,0.0,0.0,2.772588722239781,9.903487552536127,0.45519639027932696,0.29027526137064724,1.159888015484698,-0.3100558134579746,0.6707507427583586,0.6972634932639141,2.074426286210774,-0.42137351978214355
openml_241,1.318116246441582,0.0,0.0,0.0,0.0,0.0,0.18026508875049052,0.3333333333333333,0.4608,0.0784,156.25,0.0064,0.0,0.0,0.0,4.0,0.0,0.0,0.0,4.0,3.0,625.0,5.051457288616511,-5.051457288616511,0.0,0.0,0.0,1.3862943611198906,6.437751649736401,0.0,0.0,0.0,0.0,0.0,-1.3,-1.3,-1.3
openml_245,0.9293179372497983,0.0,0.0,0.0,0.0,0.0,0.1552217453505007,0.5,0.6552217453505007,0.3447782546494993,77.66666666666667,0.012875536480686695,0.0,0.0,0.0,9.0,16.0,1.0,16.0,9.0,2.0,699.0,4.352426164897591,-4.352426164897591,0.002543315848036878,0.1111111111111111,0.022889842632331903,2.1972245773362196,6.54965074223381,0.7933220288726011,1.4782335067616523,3.5530123886074305,0.5915855449527385,3.9342843648475867,1.6715057042384796,12.558945036534727,-0.7298519743135472
openml_253,1.5390345832497476,22.0,0.989743318610787,3.142857142857143,4.0,2.0,0.08259756282743058,0.3333333333333333,0.4270196877121521,0.22606924643584522,163.66666666666666,0.006109979633401222,3.5,0.2857142857142857,7.0,2.0,0.0,0.0,0.0,9.0,3.0,1473.0,5.097831839126411,-5.097831839126411,0.0,0.0,0.0,2.1972245773362196,7.29505641646263,2.116243515916607,1.2760866678033307,7.181519877764434,-3.2547923883637053,11.357293047969142,4.244574640974007,49.574227754725705,-1.9795710759789205
openml_254,0.9990678968724604,116.0,3.1069104528427385,5.2727272727272725,12.0,1.0,0.017971442639094032,0.5,0.517971442639094,0.48202855736090594,369.27272727272725,0.0027080256031511572,0.0,0.0,22.0,0.0,2480.0,1.0,2480.0,22.0,2.0,8124.0,5.91153546934196,-5.91153546934196,0.013875833669038986,0.045454545454545456,0.3052683407188577,3.091042453358316,9.002577922700276,5.692167130559952,1.8660558359400854,45.033326466194325,-6.1355716749044635,241.9788257883436,33.88293102507317,2026.0004926108386,-1.9998826621153787
openml_256,1.7164959001837936,27.0,0.8569568250501305,3.375,5.0,2.0,0.15327717978356098,0.2,0.3333333333333333,0.00015432098765432098,1620.0,0.0006172839506172839,0.0,0.0,8.0,0.0,0.0,0.0,0.0,8.0,5.0,12960.0,7.3901814282264295,-7.3901814282264295,0.0,0.0,0.0,2.0794415416798357,9.469622969906265,0.4015676378607089,0.9341809511582437,1.5,0.0,0.7115519681110188,-0.9660493827160495,0.25000000000000044,-2.0
openml_258,3.321832724866766,0.0,0.0,0.0,0.0,0.0,0.001150407820302107,0.1,0.10177935943060498,0.09857651245551602,87.8125,0.011387900355871887,0.0,0.0,0.0,64.0,0.0,0.0,0.0,64.0,10.0,5620.0,4.475203859528065,-4.475203859528065,0.0,0.0,0.0,4.1588830833596715,8.634086942887738,11.076528668061247,5.279426527179241,52.98113207547171,-1.302644652142449,475.1535339223852,163.04654026007594,2805.0003559985767,-3.0
openml_260,0.6354628258660037,0.0,0.0,0.0,0.0,0.0,0.3493331771572183,0.2,0.8976795176320117,0.0051160241183994155,547.3,0.0018271514708569341,0.0,0.0,0.0,10.0,0.0,0.0,0.0,10.0,5.0,5473.0,6.304997098149872,-6.304997098149872,0.0,0.0,0.0,2.302585092994046,8.607582191143917,18.88525084936809,14.707419652854004,67.40692529043787,-0.8344887070752683,1402.8637823740714,652.2323161191139,4812.487252279658,0.6902000566295126
openml_262,3.320771738890595,0.0,0.0,0.0,0.0,0.0,0.004003283362348256,0.1,0.10407569141193596,0.09597889374090247,687.0,0.001455604075691412,0.0,0.0,0.0,16.0,0.0,0.0,0.0,16.0,10.0,10992.0,6.532334292222349,-6.532334292222349,0.0,0.0,0.0,2.772588722239781,9.30492301446213,0.6547522810695238,-0.03919073310721144,0.9481352752751024,-1.49097937637615,1.110762857062189,-0.5013608538901574,3.048813946852489,-1.6855722466870835
openml_267,0.9331343166407832,0.0,0.0,0.0,0.0,0.0,0.15104166666666666,0.5,0.6510416666666666,0.3489583333333333,96.0,0.010416666666666666,0.0,0.0,0.0,8.0,0.0,0.0,0.0,8.0,2.0,768.0,4.564348191467836,-4.564348191467836,0.0,0.0,0.0,2.0794415416798357,6.643789733147672,1.2386651087722849,0.5282118837708744,2.2678104585131753,-1.8400052311728738,2.7323337222231525,2.749524196420432,7.1595749169714225,-0.5244944887652805
openml_271,3.8355079845767213,99.0,1.0277774713488543,2.8285714285714287,7.0,2.0,0.04305601166701597,0.05263157894736842,0.13469985358711567,0.01171303074670571,19.514285714285716,0.05124450951683748,0.0,0.0,35.0,0.0,2337.0,34.0,121.0,35.0,19.0,683.0,2.9711467980813766,-2.971146798081376,0.09776197448232588,0.9714285714285714,0.17715959004392387,3.5553480614894135,6.52649485957079,2.795426641046032,0.9460621697028104,10.52816204104876,-10.52816204104876,17.35517242355467,6.709443734412691,108.84219596258002,-1.9906403094112597
openml_273,0.9673602371807668,0.0,0.0,0.0,0.0,0.0,0.10595522712453817,0.5,0.6059552271245382,0.39404477287546186,80.71929824561404,0.01238861117148446,0.0,0.0,0.0,57.0,0.0,0.0,0.0,57.0,2.0,4601.0,4.390977682320918,-4.390977682320918,0.0,0.0,0.0,4.04305126783455,8.434028950155469,6.89504025789688,11.182991741438656,31.051936629278334,1.5911553102954092,294.3015426117818,240.90671025613483,1479.0321922910543,5.250379008141049
openml_275,1.4801700696136335,287.0,0.486198404860494,4.783333333333333,6.0,4.0,0.13115100670438934,0.3333333333333333,0.5188087774294671,0.24043887147335424,53.166666666666664,0.018808777429467086,0.0,0.0,60.0,0.0,0.0,0.0,0.0,60.0,3.0,3190.0,3.9734316335567894,-3.9734316335567894,0.0,0.0,0.0,4.0943445622221,8.06777619577889,18.76617893689929,9.175484918881342,56.45352348240033,-0.2875667160153715,1050.0235491619753,434.35899538834144,3185.000313577925,-1.9999858491456026
openml_279,0.9309539862507962,27.0,0.0,3.0,3.0,3.0,0.1534446764091858,0.5,0.6534446764091858,0.3465553235908142,106.44444444444444,0.009394572025052192,0.0,0.0,9.0,0.0,0.0,0.0,0.0,9.0,2.0,958.0,4.667623200634641,-4.667623200634641,0.0,0.0,0.0,2.1972245773362196,6.86484777797086,0.4357014215696617,0.7520830866559325,1.7854974805730845,0.08776705970100045,0.7973973378353444,-1.2445353020082612,1.188001253132832,-1.992296943231441
openml_288,1.5848792049207137,0.0,0.0,0.0,0.0,0.0,0.0035863940416833895,0.3333333333333333,0.3384,0.3306,125.0,0.008,0.0,0.0,0.0,40.0,0.0,0.0,0.0,40.0,3.0,5000.0,4.8283137373023015,-4.8283137373023015,0.0,0.0,0.0,3.6888794541139363,8.517193191416238,0.11801917951427467,0.03545763225534904,0.27195548938903535,-0.27194916553630477,0.25965727024364127,-0.19742089076351124,0.14925793383131802,-0.6795727239611908
openml_336,0.9835093906057097,7.0,0.0,7.0,7.0,7.0,0.07545462570621467,0.5,0.5754546257062146,0.4245453742937853,5664.0,0.00017655367231638418,0.14285714285714285,7.0,1.0,7.0,0.0,0.0,0.0,8.0,2.0,45312.0,8.641885635373555,-8.641885635373555,0.0,0.0,0.0,2.0794415416798357,10.721327177053391,19.912552855770127,7.329471744658869,78.68440206128672,-0.165809036651323,1811.9315808468455,515.6117806241665,7046.996485449302,-1.318124370249342
openml_340,1.4169533385641808,20.0,0.0,4.0,4.0,4.0,0.18233047661361612,0.1,0.5011161346886943,2.4119604293771955e-06,82920.1,1.2059802146885979e-05,1.0,1.0,5.0,5.0,0.0,0.0,0.0,10.0,10.0,829201.0,11.325632772530659,-11.325632772530657,0.0,0.0,0.0,2.302585092994046,13.628217865524704,0.6023266849299768,0.9273781595466501,1.4009278985127969,-1.2351100069592107,0.5752462123249388,-0.4673260712392065,1.3150226373870737,-1.1296392056407265
openml_2119,2.4904176362327277,0.0,0.0,0.0,0.0,0.0,0.11100745284408914,0.10000000000000002,0.3119946091644205,0.0033692722371967657,185.5,0.005390835579514825,0.0,0.0,0.0,8.0,0.0,0.0,0.0,8.0,10.0,1484.0,5.22305488204749,-5.22305488204749,0.0,0.0,0.0,2.0794415416798357,7.302496423727326,4.363987480141011,2.909882244157771,10.266493104120759,-1.789829183397997,43.21447164731627,28.560362776369324,105.37874539105078,0.4534743463946307
openml_2120,2.4833618760456604,0.0,0.0,0.0,0.0,0.0,0.06190397693688874,0.16666666666666666,0.23810264385692068,0.09720062208398134,178.61111111111111,0.005598755832037325,0.0,0.0,0.0,36.0,0.0,0.0,0.0,36.0,6.0,6430.0,5.185210878775555,-5.185210878775555,0.0,0.0,0.0,3.58351893845611,8.768729817231666,0.55773720339224,0.04045079461555038,0.9192809838321612,-0.6738546275870224,0.8333706575989892,-0.1549300453896081,1.276058829362996,-0.9200461123550134
openml_2121,3.6020071476229063,3.0,0.0,3.0,3.0,3.0,0.04957498263292657,0.03571428571428571,0.1649509217141489,0.00023940627244433804,522.125,0.0019152501795547043,0.14285714285714285,7.0,1.0,7.0,0.0,0.0,0.0,8.0,28.0,4177.0,6.2579070228173395,-6.2579070228173395,0.0,0.0,0.0,2.0794415416798357,8.337348564497175,0.9724659343527315,0.6470656517121298,3.1276936792075367,-0.6396434615451079,22.90187106210173,7.267721830072541,75.93309871329375,-1.6895398144908977
openml_2122,3.5041590205347397,40.0,1.885618083164127,6.666666666666667,8.0,4.0,0.05206741359580048,0.05555555555555555,0.16228257770173937,0.000962360992301112,4676.0,0.000213857998289136,0.0,0.0,6.0,0.0,0.0,0.0,0.0,6.0,18.0,28056.0,8.450198322591959,-8.450198322591959,0.0,0.0,0.0,1.791759469228055,10.241957791820013,0.6790924951939205,2.0599100091494194,3.6574496235789846,0.1951048437430194,2.5408924464510827,2.7043958628226648,11.376937749018051,-1.961934099948012
openml_2123,0.5400978590902225,7.0,0.0,7.0,7.0,7.0,0.4054569175599644,0.3333333333333333,0.9067164179104478,0.04253731343283582,83.75,0.011940298507462687,0.06666666666666667,15.0,1.0,15.0,20.0,1.0,20.0,16.0,3.0,1340.0,4.427836170705175,-4.427836170705175,0.0009328358208955224,0.0625,0.014925373134328358,2.772588722239781,7.200424892944957,2.6287048929326895,1.7042528587625654,12.825989474734723,-1.8642992156346305,33.442075479817156,9.567668267465505,162.50600600600595,-1.6962340849823592
openml_2125,2.2620836204282746,77.0,6.374950980203691,15.4,27.0,8.0,0.058379027247002314,0.19999999999999998,0.2907608695652174,0.14266304347826086,38.73684210526316,0.025815217391304348,0.35714285714285715,2.8,5.0,14.0,448.0,9.0,95.0,19.0,5.0,736.0,3.656791139562436,-3.656791139562436,0.032036613272311214,0.47368421052631576,0.12907608695652173,2.9444389791664403,6.601230118728877,5.044959115140759,1.7714810784441017,27.072387441324725,-2.4270844892036583,132.64557212239086,30.04467308094238,730.9432972209697,-1.8831433348533213
openml_2356,2.3315729152494553,0.0,0.0,0.0,0.0,0.0,0.1390237531358217,0.09090909090909091,0.5097201310778496,0.0016163315915330794,610.3243243243244,0.0016384731201842175,0.0,0.0,0.0,74.0,0.0,0.0,0.0,74.0,11.0,45164.0,6.413990495096243,-6.413990495096243,0.0,0.0,0.0,4.30406509320417,10.718055588300412,4.907579855703997,0.7748729247919143,36.62332849108166,-10.623988339617945,345.29334650741396,52.62280755287287,2963.235794046684,-1.953341114042665
openml_3044,0.46661759698663374,46.0,0.668042657122685,2.090909090909091,5.0,1.0,0.38888839076447956,0.25,0.9228525980911984,0.0005302226935312832,134.71428571428572,0.007423117709437964,3.6666666666666665,0.2727272727272727,22.0,6.0,2292.0,7.0,1129.0,28.0,4.0,3772.0,4.903156133578144,-4.903156133578144,0.02170125738524466,0.25,0.29931071049840935,3.332204510175204,8.235360643753348,13.714787706789933,0.6122259280733566,61.392184072417976,-61.392184072417976,732.4733391634319,188.9766214865602,3767.0002651816494,-1.885215070633654
openml_3047,3.4594316186372978,17.0,6.5,8.5,15.0,2.0,0.0,0.09090909090909091,0.09090909090909091,0.09090909090909091,82.5,0.012121212121212121,0.2,5.0,2.0,10.0,0.0,0.0,0.0,12.0,11.0,990.0,4.412798293340635,-4.412798293340635,0.0,0.0,0.0,2.4849066497880004,6.897704943128636,0.159361080773075,0.07581430105207837,0.35651919362646206,-0.2058395624255016,0.6365958822166639,-0.6599468044516756,0.14561359453977696,-1.9821428571428565
openml_3048,0.15931642036999769,0.0,0.0,0.0,0.0,0.0,0.4767504247518555,0.5,0.9767504247518555,0.023249575248144506,1863.8333333333333,0.0005365286595725655,0.0,0.0,0.0,6.0,0.0,0.0,0.0,6.0,2.0,11183.0,7.530390577800134,-7.530390577800134,0.0,0.0,0.0,1.791759469228055,9.322150047028188,3.18544695630153,4.442679623957269,8.89277294234641,0.19718837794045124,65.01642330739237,62.7247356880197,163.27293566886746,-1.805197067617106
openml_3049,0.2592588744223089,0.0,0.0,0.0,0.0,0.0,0.45624332977588045,0.5,0.9562433297758804,0.04375667022411953,19.122448979591837,0.052294557097118465,0.0,0.0,0.0,49.0,0.0,0.0,0.0,49.0,2.0,937.0,2.9508629841277956,-2.9508629841277956,0.0,0.0,0.0,3.8918202981106265,6.842683282238422,5.2175962273475305,3.7683439919839903,21.478155681407316,-2.0136385690347125,101.71596735460189,50.31303355096392,532.6397647369184,-3.0
openml_3053,1.0,17.0,0.6871842709362768,2.8333333333333335,4.0,2.0,0.0,0.5,0.5,0.5,92.66666666666667,0.01079136690647482,0.0,0.0,6.0,0.0,0.0,0.0,0.0,6.0,2.0,556.0,4.529008825022528,-4.529008825022527,0.0,0.0,0.0,1.791759469228055,6.320768294250582,0.40246186690126,0.6461946654788335,1.177014500476081,-0.04317552468775557,0.4663147094990915,-1.4204568999970508,-0.6146368656690413,-1.9995341313490782
openml_3054,0.9274373177990278,17.0,0.6871842709362768,2.8333333333333335,4.0,2.0,0.1572379367720466,0.5,0.6572379367720466,0.3427620632279534,100.16666666666667,0.009983361064891847,0.0,0.0,6.0,0.0,0.0,0.0,0.0,6.0,2.0,601.0,4.606835465307153,-4.606835465307152,0.0,0.0,0.0,1.791759469228055,6.398594934535208,0.40265049531839936,0.64629646133677,1.2094668421859476,-0.009983485444293753,0.4696449026930758,-1.4201734626834164,-0.5371899576527519,-1.9999889258028791
openml_3055,0.9988621511417832,17.0,0.6871842709362768,2.8333333333333335,4.0,2.0,0.019855595667870013,0.5,0.51985559566787,0.48014440433212996,92.33333333333333,0.010830324909747292,0.0,0.0,6.0,0.0,0.0,0.0,0.0,6.0,2.0,554.0,4.5254052175192285,-4.5254052175192285,0.0,0.0,0.0,1.791759469228055,6.317164686747284,0.40226167260023027,0.6461913174143565,1.1827460688750344,-0.028883878104395737,0.46626586959156635,-1.4206223280551635,-0.6011117365606524,-1.9997914630172695
openml_75089,0.8252336065126468,0.0,0.0,0.0,0.0,0.0,0.241,0.5,0.741,0.259,50.0,0.02,0.0,0.0,0.0,20.0,0.0,0.0,0.0,20.0,2.0,1000.0,3.912023005428146,-3.912023005428146,0.0,0.0,0.0,2.995732273553991,6.907755278982137,0.5084567152840621,0.1496018905837711,1.3589038879832738,-0.8937745374717958,0.5161075081805718,-1.7190910430163036,-0.1533802232239414,-1.9997439836149515
openml_75092,0.5353247216329435,0.0,0.0,0.0,0.0,0.0,0.377914951989026,0.5,0.877914951989026,0.12208504801097393,39.4054054054054,0.025377229080932786,0.0,0.0,0.0,37.0,0.0,0.0,0.0,37.0,2.0,1458.0,3.673902999924379,-3.673902999924379,0.0,0.0,0.0,3.6109179126442243,7.284820912568604,5.102143840486936,6.443644242739791,25.457626525560595,-0.4634532574029503,148.77572268595068,104.72300031140513,768.9855114075292,-1.5098888140323041
openml_75093,0.7086892115305542,0.0,0.0,0.0,0.0,0.0,0.3065227377124483,0.5,0.8065227377124483,0.1934772622875517,518.3333333333334,0.0019292604501607716,0.0,0.0,0.0,21.0,25.0,5.0,5.0,21.0,2.0,10885.0,6.250618535945225,-6.250618535945224,0.0001093685062449417,0.23809523809523808,0.00045934772622875517,3.044522437723423,9.295140973668648,10.963408835504744,15.834919934727443,46.20578273268674,1.920394044094315,743.7542178376841,586.3821727576892,2764.717029917813,3.3579579098324617
openml_75098,3.3198370254034137,0.0,0.0,0.0,0.0,0.0,0.005411774766418957,0.1,0.11252857142857142,0.09018571428571429,89.28571428571429,0.0112,0.0,0.0,0.0,784.0,0.0,0.0,0.0,784.0,10.0,70000.0,4.491841500681089,-4.491841500681089,0.0,0.0,0.0,6.664409020350408,11.156250521031495,59.429024175142175,28.502085897351172,264.569461605617,-0.2354915559242066,13910.273338399591,4488.333225966428,69995.00001428605,-3.0
openml_75100,0.03853718088787195,0.0,0.0,0.0,0.0,0.0,0.49588477366255146,0.5,0.9958847736625515,0.00411522633744856,155.25,0.00644122383252818,0.0,0.0,0.0,36.0,0.0,0.0,0.0,36.0,2.0,5589.0,5.045036720813588,-5.045036720813588,0.0,0.0,0.0,3.58351893845611,8.628555659269699,13.033152131497557,17.146228340885965,45.830515787677754,-2.768346135644292,715.1770780584308,681.4371587414296,2753.649270042747,-1.0231160651855822
openml_75108,0.6200985590130879,102.0,0.0,102.0,102.0,102.0,0.34586238254016366,0.5,0.8458623825401637,0.1541376174598363,39.50898203592814,0.02531070021218551,0.006024096385542169,166.0,1.0,166.0,0.0,0.0,0.0,167.0,2.0,6598.0,3.6765280393717714,-3.6765280393717714,0.0,0.0,0.0,5.117993812416755,8.794521851788527,1.262482764161344,0.49983038370171723,6.316816451258883,-1.4354280204793017,6.961055048231591,1.6911022375294484,51.096544108501895,-1.9585749702116952
openml_75109,2.193423736133549,0.0,0.0,0.0,0.0,0.0,0.08222725479309748,0.2,0.2987946925959688,0.10108376380026335,308.53125,0.0032411627671427123,0.0,0.0,0.0,32.0,0.0,0.0,0.0,32.0,5.0,9873.0,5.731823134811723,-5.731823134811723,0.0,0.0,0.0,3.4657359027997265,9.19755903761145,2.269373249406362,0.9533587123060332,7.170448330689714,-1.883569662600302,51.245420773927236,47.79748575706702,193.799168145138,7.597270565843289
openml_75112,0.935515244546736,0.0,0.0,0.0,0.0,0.0,0.14837013669821242,0.5,0.6483701366982124,0.3516298633017876,1902.0,0.0005257623554153522,0.0,0.0,0.0,10.0,0.0,0.0,0.0,10.0,2.0,19020.0,7.550661243105336,-7.550661243105336,0.0,0.0,0.0,2.302585092994046,9.853246336099382,1.2594770815849408,0.6462939807930795,3.371362073689998,-1.1229894825198334,5.348678960123033,4.271720920950255,16.760684257499978,-0.5338787541242711
openml_75114,0.76498360246812,0.0,0.0,0.0,0.0,0.0,0.2773462783171521,0.5,0.7773462783171521,0.2226537216828479,0.1412894375857339,7.077669902912621,0.0,0.0,0.0,10935.0,0.0,0.0,0.0,10935.0,2.0,1545.0,-1.9569447437790224,1.9569447437790224,0.0,0.0,0.0,9.299723933110869,7.3427791893318455,4.627108065263359,4.120337506196496,39.155574490807545,-0.003281683708813749,142.12844725071136,53.732315027488724,1534.017562225215,-0.8557036494917356
openml_75115,0.4076291728545772,0.0,0.0,0.0,0.0,0.0,0.41844660194174754,0.5,0.9184466019417475,0.08155339805825243,0.1412894375857339,7.077669902912621,0.0,0.0,0.0,10935.0,0.0,0.0,0.0,10935.0,2.0,1545.0,-1.9569447437790224,1.9569447437790224,0.0,0.0,0.0,9.299723933110869,7.3427791893318455,4.627108065263359,4.120337506196496,39.155574490807524,-0.0032816837088137495,142.12844725071136,53.732315027488724,1534.0175622252134,-0.8557036494917365
openml_75116,0.653766023094784,0.0,0.0,0.0,0.0,0.0,0.33171521035598706,0.5,0.8317152103559871,0.16828478964401294,0.1412894375857339,7.077669902912621,0.0,0.0,0.0,10935.0,0.0,0.0,0.0,10935.0,2.0,1545.0,-1.9569447437790224,1.9569447437790224,0.0,0.0,0.0,9.299723933110869,7.3427791893318455,4.627108065263358,4.120337506196496,39.155574490807545,-0.003281683708813759,142.12844725071136,53.732315027488724,1534.0175622252148,-0.855703649491736
openml_75118,2.2806595148216537,10.0,0.5,2.5,3.0,2.0,0.04811487630986958,0.2,0.2772727272727273,0.1390909090909091,91.66666666666667,0.01090909090909091,0.5,2.0,4.0,8.0,0.0,0.0,0.0,12.0,5.0,1100.0,4.518158808998462,-4.518158808998462,0.0,0.0,0.0,2.4849066497880004,7.003065458786462,0.7554486955578606,0.32549988592788154,2.141937117962705,-0.930467147847592,1.1822896556729225,-1.0644212814507528,2.5878946173063806,-1.974235104669887
openml_75120,0.23991304091690965,0.0,0.0,0.0,0.0,0.0,0.46051779935275083,0.5,0.9605177993527508,0.039482200647249194,0.1412894375857339,7.077669902912621,0.0,0.0,0.0,10935.0,0.0,0.0,0.0,10935.0,2.0,1545.0,-1.9569447437790224,1.9569447437790224,0.0,0.0,0.0,9.299723933110869,7.3427791893318455,4.627108065263359,4.120337506196496,39.15557449080756,-0.0032816837088137296,142.12844725071136,53.732315027488724,1534.0175622252154,-0.8557036494917365
openml_75121,0.26326539563132384,0.0,0.0,0.0,0.0,0.0,0.4553398058252427,0.5,0.9553398058252427,0.04466019417475728,0.1412894375857339,7.077669902912621,0.0,0.0,0.0,10935.0,0.0,0.0,0.0,10935.0,2.0,1545.0,-1.9569447437790224,1.9569447437790224,0.0,0.0,0.0,9.299723933110869,7.3427791893318455,4.627108065263359,4.120337506196496,39.155574490807545,-0.003281683708813749,142.12844725071136,53.732315027488724,1534.0175622252145,-0.8557036494917365
openml_75125,0.6911361227419887,0.0,0.0,0.0,0.0,0.0,0.31488673139158574,0.5,0.8148867313915857,0.18511326860841423,0.1412894375857339,7.077669902912621,0.0,0.0,0.0,10935.0,0.0,0.0,0.0,10935.0,2.0,1545.0,-1.9569447437790224,1.9569447437790224,0.0,0.0,0.0,9.299723933110869,7.3427791893318455,4.627108065263359,4.120337506196496,39.15557449080756,-0.0032816837088137088,142.12844725071136,53.732315027488724,1534.0175622252154,-0.8557036494917356
openml_75126,0.5523574067765363,0.0,0.0,0.0,0.0,0.0,0.3718446601941747,0.5,0.8718446601941747,0.12815533980582525,0.1412894375857339,7.077669902912621,0.0,0.0,0.0,10935.0,0.0,0.0,0.0,10935.0,2.0,1545.0,-1.9569447437790224,1.9569447437790224,0.0,0.0,0.0,9.299723933110869,7.3427791893318455,4.627108065263359,4.120337506196496,39.15557449080755,-0.0032816837088137495,142.12844725071136,53.732315027488724,1534.0175622252148,-0.8557036494917356
openml_75129,0.4764549714253225,0.0,0.0,0.0,0.0,0.0,0.39763275751759436,0.5,0.8976327575175944,0.10236724248240563,42.24324324324324,0.023672424824056303,0.0,0.0,0.0,37.0,0.0,0.0,0.0,37.0,2.0,1563.0,3.743444417777252,-3.743444417777252,0.0,0.0,0.0,3.6109179126442243,7.354362330421477,8.275274326950905,10.314414773223355,30.459725642911625,-0.5889394055030853,268.3187695114408,238.1864855847358,1036.012329565407,-1.4813359472552254
openml_75131,0.9999740313334506,0.0,0.0,0.0,0.0,0.0,0.0030000000000000027,0.5,0.503,0.497,200.0,0.005,0.0,0.0,0.0,5.0,0.0,0.0,0.0,5.0,2.0,1000.0,5.298317366548036,-5.298317366548036,0.0,0.0,0.0,1.6094379124341003,6.907755278982137,0.039377972693795484,0.02099884768217232,0.052413306009782556,-0.054577840062290106,0.02646412663351256,-1.186336057948989,-1.1442924641707999,-1.225464109527496
openml_75133,0.06148143263412651,0.0,0.0,0.0,0.0,0.0,0.49281639552081136,0.5,0.9928163955208114,0.007183604479188675,249.10526315789474,0.004014367208958377,0.0,0.0,0.0,38.0,0.0,0.0,0.0,38.0,2.0,9466.0,5.517875550739808,-5.517875550739808,0.0,0.0,0.0,3.6375861597263857,9.155461710466193,16.87187995763362,17.767251221323402,67.24969002007634,-1.9754435049137153,1146.6762878779548,826.089131938286,4582.7759806542235,-1.956662975077737
openml_75134,2.7112560463465942,9.0,0.5,4.5,5.0,4.0,0.09801699501536425,0.09090909090909091,0.3304622103603057,0.008376804561446075,23551.428571428572,4.246026931942254e-05,0.4,2.5,2.0,5.0,0.0,0.0,0.0,7.0,11.0,164860.0,10.066941758811906,-10.066941758811906,0.0,0.0,0.0,1.9459101490553132,12.01285190786722,0.6870439257912244,0.8747442450572459,1.78906924402234,-0.0018251085832853714,0.8041034951844754,-0.476794468434601,1.2007687599066665,-1.200034958329165
openml_75136,0.9906049558738161,0.0,0.0,0.0,0.0,0.0,0.05700000000000002,0.5,0.557,0.443,40.0,0.025,0.0,0.0,0.0,25.0,0.0,0.0,0.0,25.0,2.0,1000.0,3.6888794541139363,-3.6888794541139363,0.0,0.0,0.0,3.2188758248682006,6.907755278982137,0.30535412548795615,0.06442712495205022,1.3743891831282569,-0.09949734866943039,0.6564066067030778,-0.9906482657382999,1.9406630285694328,-1.2831053565316684
openml_75139,0.9210049486251755,0.0,0.0,0.0,0.0,0.0,0.16393333333333335,0.5,0.6639333333333334,0.3360666666666667,312.5,0.0032,0.0,0.0,0.0,48.0,0.0,0.0,0.0,48.0,2.0,15000.0,5.744604469176457,-5.744604469176456,0.0,0.0,0.0,3.871201010907891,9.615805480084347,3.222131506148035,2.58893232087583,11.617310471520707,0.0,33.302598795004066,17.515844853139757,147.21246470117336,-3.0
openml_75141,0.9730662661337471,0.0,0.0,0.0,0.0,0.0,0.0963134765625,0.5,0.5963134765625,0.4036865234375,1024.0,0.0009765625,0.0,0.0,0.0,8.0,0.0,0.0,0.0,8.0,2.0,8192.0,6.931471805599453,-6.931471805599453,0.0,0.0,0.0,2.0794415416798357,9.010913347279288,0.9237483402199078,0.4693223563430242,2.1179323128510323,-0.3756396194490372,3.2129849642076422,0.6958003259280885,6.8646129384997145,-1.378674549300069
openml_75142,0.9999977500599352,0.0,0.0,0.0,0.0,0.0,0.0008830455259026815,0.5,0.5008830455259027,0.4991169544740973,4076.8,0.0002452904238618524,0.0,0.0,0.0,10.0,0.0,0.0,0.0,10.0,2.0,40768.0,8.313067645937789,-8.313067645937789,0.0,0.0,0.0,2.302585092994046,10.615652738931836,0.007042674914470456,-0.0038207992482863747,0.010294560897200442,-0.01618969837662611,0.14987715416548228,-1.5502657569306892,-1.4926673602343328,-1.999737893666474
openml_75143,0.794432350758128,0.0,0.0,0.0,0.0,0.0,0.260365251727542,0.5,0.760365251727542,0.23963474827245804,578.8571428571429,0.0017275419545903258,0.0,0.0,0.0,7.0,0.0,0.0,0.0,7.0,2.0,4052.0,6.361055716313261,-6.361055716313261,0.0,0.0,0.0,1.9459101490553132,8.306965865368573,3.0077670109385495,2.7469693968284723,7.965888954757007,-0.1705723504660781,28.15613950847933,17.01906024886748,77.5755498448898,-1.9937534709716962
openml_75146,0.9832048570341375,0.0,0.0,0.0,0.0,0.0,0.07614545454545454,0.5,0.5761454545454545,0.42385454545454543,343.75,0.002909090909090909,0.0,0.0,0.0,40.0,0.0,0.0,0.0,40.0,2.0,13750.0,5.839914648980781,-5.839914648980781,0.0,0.0,0.0,3.6888794541139363,9.528794103094718,16.779278026988937,-4.55741055199195,2.3659298954666617,-75.96553997226437,2054.709644138762,916.5298226017167,6872.000000000001,-0.6164875617033738
openml_75147,0.8841664897438647,0.0,0.0,0.0,0.0,0.0,0.1976318359375,0.5,0.6976318359375,0.3023681640625,682.6666666666666,0.00146484375,0.0,0.0,0.0,12.0,0.0,0.0,0.0,12.0,2.0,8192.0,6.5260066974912885,-6.5260066974912885,0.0,0.0,0.0,2.4849066497880004,9.010913347279288,4.287186840632497,5.073375444275121,13.89530734058049,-0.7915194783899335,101.48469330684402,77.02153968691705,313.55706193157874,0.9018577925024611
openml_75148,0.9999532967890264,0.0,0.0,0.0,0.0,0.0,0.004023173479240416,0.5,0.5040231734792404,0.4959768265207596,517.8333333333334,0.0019311232700354038,0.0,0.0,0.0,6.0,0.0,0.0,0.0,6.0,2.0,3107.0,6.249653440164993,-6.249653440164993,0.0,0.0,0.0,1.791759469228055,8.041412909393047,0.65173421025078,0.03345446812675801,0.5876244901534358,-1.019754579557721,2.893413818432268,1.953988095466536,8.410370698600024,0.27849379164260313
openml_75149,0.9895875212220555,0.0,0.0,0.0,0.0,0.0,0.060000000000000026,0.5,0.56,0.44,100.0,0.01,0.0,0.0,0.0,10.0,0.0,0.0,0.0,10.0,2.0,1000.0,4.605170185988092,-4.605170185988091,0.0,0.0,0.0,2.302585092994046,6.907755278982137,0.4563307236987308,0.22865470191775833,1.4147550754476845,-0.04149026014700066,0.9617561062541504,-0.7052555180972628,1.9102468740134437,-1.2566081080894183
openml_75153,0.9999559719934967,0.0,0.0,0.0,0.0,0.0,0.00390625,0.5,0.50390625,0.49609375,256.0,0.00390625,0.0,0.0,0.0,32.0,0.0,0.0,0.0,32.0,2.0,8192.0,5.545177444479562,-5.545177444479562,0.0,0.0,0.0,3.4657359027997265,9.010913347279288,0.012997436727150556,-0.0026868065978845525,0.025768752121939832,-0.032063981463880266,0.014275577151090594,-1.1968506509704144,-1.1566642270393885,-1.2266194338387428
openml_75154,6.643856189774723,0.0,0.0,0.0,0.0,0.0,1.734723475976807e-18,0.009999999999999998,0.01,0.01,25.0,0.04,0.0,0.0,0.0,64.0,0.0,0.0,0.0,64.0,100.0,1600.0,3.2188758248682006,-3.2188758248682006,0.0,0.0,0.0,4.1588830833596715,7.3777589082278725,1.7684882396169335,2.2206877625033394,12.437439498541472,0.6873467332881872,24.507568455088435,10.510433971946867,181.79524863098564,-0.1711497095676915
openml_75156,0.9948419318795931,0.0,0.0,0.0,0.0,0.0,0.04225539856038388,0.5,0.5422553985603839,0.4577446014396161,2.1120495495495497,0.47347374033591044,0.0,0.0,0.0,1776.0,0.0,0.0,0.0,1776.0,2.0,3751.0,0.747658826529772,-0.7476588265297719,0.0,0.0,0.0,7.4821189235521155,8.229777750081887,8.503660432481249,8.20346173872151,61.2209136379609,-31.44794453329867,358.8111279645842,162.2328207057123,3746.0002666666674,-1.9999997157071778
openml_75157,0.9912232530606149,0.0,0.0,0.0,0.0,0.0,0.05509641873278237,0.5,0.5550964187327824,0.44490358126721763,726.0,0.0013774104683195593,0.0,0.0,0.0,3.0,0.0,0.0,0.0,3.0,2.0,2178.0,6.587550014824796,-6.587550014824796,0.0,0.0,0.0,1.0986122886681098,7.686162303492906,1.7732400736262217,0.8207686251401339,3.273695787926121,-0.8572830302992271,5.459720178257798,3.048028202278641,10.769237400770988,-0.8161850187137873
openml_75159,0.36380010531923423,0.0,0.0,0.0,0.0,0.0,0.43056807935076646,0.5,0.9305680793507665,0.06943192064923355,52.80952380952381,0.018935978358881875,0.0,0.0,0.0,21.0,0.0,0.0,0.0,21.0,2.0,1109.0,3.966691549626944,-3.966691549626944,0.0,0.0,0.0,3.044522437723423,7.011213987350367,3.9805576346709683,7.9976694190730075,18.525121169646876,2.1692716411090593,104.44762594000655,115.51733740172155,408.63460207334873,13.662876731439198
openml_75161,0.9999967900153529,0.0,0.0,0.0,0.0,0.0,0.0010547488226059498,0.5,0.5010547488226059,0.498945251177394,4076.8,0.0002452904238618524,0.0,0.0,0.0,10.0,0.0,0.0,0.0,10.0,2.0,40768.0,8.313067645937789,-8.313067645937789,0.0,0.0,0.0,2.302585092994046,10.615652738931836,0.005897550372799394,0.0015461812754302196,0.015134684235890539,-0.004213456257722636,0.004277275906328032,-1.1965753662015868,-1.1873524670865723,-1.203190528622176
openml_75163,0.9972877951195075,0.0,0.0,0.0,0.0,0.0,0.0306494599523075,0.5,0.5306494599523075,0.4693505400476925,1425.8,0.0007013606396409033,0.0,0.0,0.0,5.0,0.0,0.0,0.0,5.0,2.0,7129.0,7.262488338683528,-7.262488338683528,0.0,0.0,0.0,1.6094379124341003,8.871926251117628,0.3139133772043966,0.11325808164193354,0.6707198707196809,-0.17075283361509042,0.9620879380375015,0.49716146472139683,1.4487491440508657,-1.1122659443502776
openml_75166,0.9997770990046065,0.0,0.0,0.0,0.0,0.0,0.0087890625,0.5,0.5087890625,0.4912109375,1024.0,0.0009765625,0.0,0.0,0.0,8.0,0.0,0.0,0.0,8.0,2.0,8192.0,6.931471805599453,-6.931471805599453,0.0,0.0,0.0,2.0794415416798357,9.010913347279288,0.013746264401593052,-0.002423250074687018,0.010221205523754549,-0.035992678364583114,0.007232827832446907,-1.1908483504911034,-1.176489051191649,-1.2000097027644274
openml_75169,4.70043827987653,0.0,0.0,0.0,0.0,0.0,5.426150097177517e-05,0.038461538461538464,0.038476337052712584,0.03821982813902783,12.636952998379254,0.07913299987174555,0.0,0.0,0.0,617.0,0.0,0.0,0.0,617.0,26.0,7797.0,2.536625299404212,-2.536625299404212,0.0,0.0,0.0,6.424869023905388,8.9614943233096,1.8093790452647884,0.4419824023246424,10.76982927588718,-2.366580830040215,15.355758242081908,3.6025813408819545,136.44727185778015,-1.473574411283018
openml_75171,0.9999860693604422,0.0,0.0,0.0,0.0,0.0,0.002197265625,0.5,0.502197265625,0.497802734375,1024.0,0.0009765625,0.0,0.0,0.0,8.0,0.0,0.0,0.0,8.0,2.0,8192.0,6.931471805599453,-6.931471805599453,0.0,0.0,0.0,2.0794415416798357,9.010913347279288,0.013301728743894297,-0.0057392657929076964,0.018374420407983368,-0.021809932378247358,0.00629549707128953,-1.194595325662766,-1.1855598681766883,-1.203291570280016
openml_75173,0.9999776283308132,0.0,0.0,0.0,0.0,0.0,0.002784490911001386,0.5,0.5027844909110014,0.49721550908899864,1586.1666666666667,0.0006304507723021961,0.0,0.0,0.0,6.0,0.0,0.0,0.0,6.0,2.0,9517.0,7.369075482844289,-7.369075482844289,0.0,0.0,0.0,1.791759469228055,9.160834952072344,0.11642033426725648,-0.015903511938944476,0.15583438085215834,-0.1730462407555576,1.496202834079742,0.5773038612722937,3.8309743650074557,-0.5467748831325339
openml_75174,0.876342717713079,0.0,0.0,0.0,0.0,0.0,0.20400280898876402,0.5,0.704002808988764,0.29599719101123595,1424.0,0.0007022471910112359,0.0,0.0,0.0,16.0,0.0,0.0,0.0,16.0,2.0,22784.0,7.261225091971921,-7.261225091971921,0.0,0.0,0.0,2.772588722239781,10.033813814211703,17.44710622743471,6.137251160472936,72.74511462120752,-5.87264028897948,1738.1089024197788,468.71767485216657,7199.97524262291,-1.0959235267138223
openml_75176,0.9865690330331821,0.0,0.0,0.0,0.0,0.0,0.06812015503875968,0.5,0.5681201550387597,0.4318798449612403,2580.0,0.0003875968992248062,0.0,0.0,0.0,8.0,0.0,0.0,0.0,8.0,2.0,20640.0,7.855544677915663,-7.855544677915663,0.0,0.0,0.0,2.0794415416798357,9.9349862195955,1.7107705701054645,2.3870034796451574,4.9354995088585225,0.06032625301661098,23.769806773165936,19.18600223581252,73.5350088192228,-1.1177797083138863
openml_75178,3.321913459690609,0.0,0.0,0.0,0.0,0.0,0.0004502986885620676,0.10000000000000002,0.10064727869450268,0.099234205488194,18804.0,5.318017443097213e-05,0.0,0.0,0.0,14.0,0.0,0.0,0.0,14.0,10.0,263256.0,9.841824892144022,-9.841824892144022,0.0,0.0,0.0,2.6390573296152584,12.48088222175928,0.26055545246945544,-0.15289929379097514,0.21259847314324293,-0.7455476186475474,0.7527643070246567,-0.07428333881218292,1.6485219850874975,-1.9998759534061814
openml_75179,0.8936632139657561,0.0,0.0,0.0,0.0,0.0,0.1895751953125,0.5,0.6895751953125,0.3104248046875,256.0,0.00390625,0.0,0.0,0.0,32.0,0.0,0.0,0.0,32.0,2.0,8192.0,5.545177444479562,-5.545177444479562,0.0,0.0,0.0,3.4657359027997265,9.010913347279288,0.8915648310495911,0.6204536326748378,2.23400804137968,-0.02308767538671145,3.3370127271747174,0.9365309412957825,8.884202418645096,-1.3084466754777864
openml_75180,0.9936167534536142,0.0,0.0,0.0,0.0,0.0,0.047000000000000014,0.5,0.547,0.453,20.0,0.05,0.0,0.0,0.0,50.0,0.0,0.0,0.0,50.0,2.0,1000.0,2.995732273553991,-2.995732273553991,0.0,0.0,0.0,3.912023005428146,6.907755278982137,0.04390592477345272,5.097666300784967e-05,0.11785296844556561,-0.07873120538343202,0.07105531774312626,-1.1861837419934582,-0.7926525201028554,-1.2759099110503165
openml_75184,0.8920793291304917,0.0,0.0,0.0,0.0,0.0,0.19094523766491955,0.5,0.6909452376649196,0.30905476233508045,922.1666666666666,0.0010844026748599313,0.0,0.0,0.0,18.0,0.0,0.0,0.0,18.0,2.0,16599.0,6.8267259736700545,-6.8267259736700545,0.0,0.0,0.0,2.8903717578961645,9.71709773156622,29.475255064303735,9.737367895786555,103.69749898267898,-1.5102948474684486,2932.4073703680924,1004.9131829408078,11282.448111921383,-0.5635059847167545
openml_75185,0.9969402925875559,0.0,0.0,0.0,0.0,0.0,0.03255247946455733,0.5,0.5325524794645573,0.46744752053544264,469.57142857142856,0.0021296014602981443,0.0,0.0,0.0,14.0,0.0,0.0,0.0,14.0,2.0,6574.0,6.151820424608906,-6.151820424608906,0.0,0.0,0.0,2.6390573296152584,8.790877754224164,0.2754545168240148,0.48634357787085614,0.903051232730457,-0.009422966358244838,0.6656929760559621,-0.030753169794779094,1.0531407355611782,-1.2079452848749412
openml_75187,0.999999525775866,0.0,0.0,0.0,0.0,0.0,0.000405405405405429,0.5,0.5004054054054055,0.4995945945945946,370.0,0.002702702702702703,0.0,0.0,0.0,20.0,0.0,0.0,0.0,20.0,2.0,7400.0,5.91350300563827,-5.91350300563827,0.0,0.0,0.0,2.995732273553991,8.909235279192261,0.025243879552948757,0.011568245803267624,0.05168573223550904,-0.032897921952467615,0.04415917048557206,-0.06464833217108383,0.04831777825837502,-0.14488406360869055
openml_75192,1.0,0.0,0.0,0.0,0.0,0.0,0.0,0.5,0.5,0.5,769.6,0.0012993762993762994,0.0,0.0,0.0,5.0,0.0,0.0,0.0,5.0,2.0,3848.0,6.645870899351497,-6.645870899351497,0.0,0.0,0.0,1.6094379124341003,8.255308811785596,0.0971935559260589,0.020609445077804284,0.1097509494750766,-0.13052954348436302,0.16683330327805915,-0.0980417172233519,0.19337497516310131,-0.30994599270660705
openml_75195,0.9729212144264806,7.0,0.4714045207910317,2.3333333333333335,3.0,2.0,0.09657083987441129,0.5,0.5965708398744113,0.4034291601255887,4076.8,0.0002452904238618524,0.42857142857142855,2.3333333333333335,3.0,7.0,0.0,0.0,0.0,10.0,2.0,40768.0,8.313067645937789,-8.313067645937789,0.0,0.0,0.0,2.302585092994046,10.615652738931836,0.8912020258767038,0.254689828625685,2.345244368638005,-1.1711022485354956,1.2195918223225093,-0.7541705920407132,3.5001711486282776,-1.8253766704206207
openml_75196,0.8809748061658637,56.0,24.0,28.0,52.0,4.0,0.20025839793281652,0.5,0.7002583979328165,0.2997416020671835,77.4,0.012919896640826873,0.15384615384615385,6.5,2.0,13.0,256.0,6.0,87.0,15.0,2.0,1161.0,4.3489867805956814,-4.3489867805956814,0.014699971289118575,0.4,0.07493540051679587,2.70805020110221,7.057036981697891,7.79446126882443,3.4108664158291773,34.02941172087707,-0.12600298343791722,270.897044498175,73.49918152944255,1156.0008620689648,-1.9841232481647442
openml_75199,0.9885173903891564,0.0,0.0,0.0,0.0,0.0,0.06299999999999997,0.5,0.563,0.437,40.0,0.025,0.0,0.0,0.0,25.0,0.0,0.0,0.0,25.0,2.0,1000.0,3.6888794541139363,-3.6888794541139363,0.0,0.0,0.0,3.2188758248682006,6.907755278982137,0.1437549436694852,0.023932363406260596,0.6854900524495046,-0.09173344111440773,0.23483065924013322,-1.132269737443616,-0.08170598532731432,-1.2560681887934566
openml_75210,0.992759369358745,2.0,0.0,2.0,2.0,2.0,0.05005207730586736,0.5,0.5500520773058674,0.44994792269413264,2160.25,0.0004629093854877908,0.3333333333333333,3.0,1.0,3.0,0.0,0.0,0.0,4.0,2.0,8641.0,7.677979234721509,-7.677979234721509,0.0,0.0,0.0,1.3862943611198906,9.0642735958414,0.7933691517232728,0.15352835663090553,1.2070802164747003,-1.2070802164747003,0.4477631924797011,-0.6906781265831461,-0.00797822676152915,-1.2644749558565955
openml_75212,0.9976685824034747,51.0,0.0,51.0,51.0,51.0,0.028417818740399392,0.5,0.5284178187403994,0.4715821812596006,39.45454545454545,0.02534562211981567,0.03125,32.0,1.0,32.0,7830.0,30.0,1144.0,33.0,2.0,1302.0,3.6751492613020345,-3.6751492613020345,0.1822371177209887,0.9090909090909091,0.8786482334869432,3.4965075614664802,7.171656822768514,1.6886346525916711,1.6551865398653494,6.129397804462037,-0.6365644637590766,13.74536084445644,10.086054533357164,49.96438155151753,-1.664883387888708
openml_75213,0.7628122983351654,38.0,7.5,9.5,17.0,2.0,0.2785467128027682,0.5,0.7785467128027682,0.22145328719723184,231.2,0.004325259515570935,4.0,0.25,4.0,1.0,0.0,0.0,0.0,5.0,2.0,1156.0,5.443283136798223,-5.443283136798223,0.0,0.0,0.0,1.6094379124341003,7.052721049232323,2.8737495667969006,1.4368747833984503,7.184373916992252,0.0,33.40713110166737,14.703565550833684,81.51782775416842,-2.0
openml_75215,0.9906239227414301,68.0,0.4422166387140533,2.2666666666666666,3.0,2.0,0.05694255992763453,0.5,0.5569425599276345,0.44305744007236547,368.5,0.0027137042062415195,0.0,0.0,30.0,0.0,0.0,0.0,0.0,30.0,2.0,11055.0,5.909440711629391,-5.909440711629391,0.0,0.0,0.0,3.4011973816621555,9.310638093291546,2.100449132284272,0.43162835085492357,8.882637644655526,-4.5021977652017116,9.972098532072105,2.5981895905754935,76.90125152625147,-1.995243268940956
openml_75217,2.913356388291818,0.0,0.0,0.0,0.0,0.0,0.07786105125942858,0.1,0.27234242709313267,0.02492944496707432,60.74285714285714,0.016462841015992474,0.0,0.0,0.0,35.0,0.0,0.0,0.0,35.0,10.0,2126.0,4.106649497412479,-4.106649497412479,0.0,0.0,0.0,3.5553480614894135,7.661997558901893,3.405447445080627,2.390502206881503,17.34121071780476,-0.9944755592025584,51.8268893523416,17.69578266380175,298.71758915930684,-1.365669368404837
openml_75219,0.9924223733876091,0.0,0.0,0.0,0.0,0.0,0.05120160213618155,0.5,0.5512016021361815,0.4487983978638184,1070.0,0.0009345794392523365,0.0,0.0,0.0,14.0,0.0,0.0,0.0,14.0,2.0,14980.0,6.975413927455952,-6.975413927455952,0.0,0.0,0.0,2.6390573296152584,9.61447125707121,51.961840604801004,71.73008270483062,122.37552142562957,-13.613797368722325,5971.858029162225,8901.749575321557,14974.179076227352,2055.8343008336324
openml_75221,2.3000070580673455,0.0,0.0,0.0,0.0,0.0,0.11627488186971603,0.16666666666666666,0.41745668519123896,0.07943772474664923,119.96078431372548,0.008336057535142204,0.0,0.0,0.0,51.0,0.0,0.0,0.0,51.0,6.0,6118.0,4.787164891986523,-4.787164891986523,0.0,0.0,0.0,3.9318256327243257,8.718990524710849,11.225344667712802,7.439151538778979,53.77165714789454,-1.8753044993095516,583.7626663468856,228.00343798558868,2942.245553462788,-0.9721579824676545
openml_75223,3.5041590205347397,20.0,1.8856180831641267,6.666666666666667,8.0,4.0,0.05206741359580048,0.05555555555555555,0.16228257770173937,0.000962360992301112,4676.0,0.000213857998289136,1.0,1.0,3.0,3.0,0.0,0.0,0.0,6.0,18.0,28056.0,8.450198322591959,-8.450198322591959,0.0,0.0,0.0,1.791759469228055,10.241957791820013,0.8987543389914676,1.7310133696176753,3.4656942671413598,-0.005918289441417428,2.6756792700213325,1.9252492309814273,10.011036753296485,-1.925888837728524
openml_75225,0.33979042531608006,0.0,0.0,0.0,0.0,0.0,0.4368587213891081,0.5,0.9368587213891081,0.06314127861089187,35.19444444444444,0.028413575374901343,0.0,0.0,0.0,72.0,0.0,0.0,0.0,72.0,2.0,2534.0,3.560888241865029,-3.560888241865029,0.0,0.0,0.0,4.276666119016055,7.837554360881084,1.1192759916101769,0.08590512482654125,7.372093701113678,-1.3075843655792176,9.058856796146667,1.4877434720981784,77.50347088474702,-0.9769742631969844
openml_75232,0.9223486063040568,0.0,0.0,0.0,0.0,0.0,0.16255924170616112,0.5,0.6625592417061611,0.33744075829383885,25.73170731707317,0.03886255924170616,0.0,0.0,0.0,41.0,0.0,0.0,0.0,41.0,2.0,1055.0,3.247723979205859,-3.247723979205859,0.0,0.0,0.0,3.713572066704308,6.961296045910167,4.727559619939136,3.793236176732873,26.80779851082353,-1.7596911761329594,125.75418036429846,44.49592560815542,808.8716798240387,-0.2265120372386713
openml_75233,0.8841664897438647,0.0,0.0,0.0,0.0,0.0,0.1976318359375,0.5,0.6976318359375,0.3023681640625,390.0952380952381,0.0025634765625,0.0,0.0,0.0,21.0,0.0,0.0,0.0,21.0,2.0,8192.0,5.966390909555866,-5.966390909555866,0.0,0.0,0.0,3.044522437723423,9.010913347279288,4.963388557870236,5.397368407174783,21.538075020993077,-0.7915194783899335,144.6673063400766,82.64278406295497,617.6974918433501,0.9018577925024611
openml_75234,0.9999317106546881,0.0,0.0,0.0,0.0,0.0,0.004864864864864843,0.5,0.5048648648648648,0.49513513513513513,370.0,0.002702702702702703,0.0,0.0,0.0,20.0,0.0,0.0,0.0,20.0,2.0,7400.0,5.91350300563827,-5.91350300563827,0.0,0.0,0.0,2.995732273553991,8.909235279192261,0.04283039365628098,-0.2337634982022307,-0.12180054554080622,-0.31152429239499246,0.11354402198304439,1.5039454253777829,1.7124366608014752,1.3138497093806558
openml_75235,1.714632742265977,0.0,0.0,0.0,0.0,0.0,0.14797623656682052,0.25,0.4041422287390029,0.060117302052785926,227.33333333333334,0.004398826979472141,0.0,0.0,0.0,24.0,0.0,0.0,0.0,24.0,4.0,5456.0,5.426417369175352,-5.426417369175352,0.0,0.0,0.0,3.1780538303479458,8.604471199523298,1.062907179804578,1.5218390965935076,3.8290884645425685,0.017559119278075307,4.557816812682403,2.3655526685125623,14.335345446651711,-1.604224849644555
openml_75236,3.3218194896867805,0.0,0.0,0.0,0.0,0.0,0.0012253120713084215,0.1,0.1016949152542373,0.0973006905210295,6.22265625,0.16070307595731326,0.0,0.0,0.0,256.0,0.0,0.0,0.0,256.0,10.0,1593.0,1.828196865430486,-1.8281968654304859,0.0,0.0,0.0,5.545177444479562,7.373374309910049,0.6180856842796321,0.8086197183395936,4.6422226976641285,-0.6132591981019371,1.7614462219453166,-0.9641042380009754,19.550231574708018,-1.9984846382369452
openml_75237,0.7367531276768885,0.0,0.0,0.0,0.0,0.0,0.2924605295910747,0.5,0.7924605295910747,0.20753947040892526,81685.66666666667,1.2242049808819989e-05,0.0,0.0,0.0,3.0,0.0,0.0,0.0,3.0,2.0,245057.0,11.310633826860453,-11.310633826860453,0.0,0.0,0.0,1.0986122886681098,12.409246115528562,0.23852455324421193,-0.3340230099974073,-0.0376712177288145,-0.6217433620048087,0.13778488132062713,-0.7938575858234453,-0.6012011853096872,-0.9154769660967013
openml_75239,0.9311123348674443,0.0,0.0,0.0,0.0,0.0,0.15327150953116953,0.5,0.6532715095311695,0.3467284904688305,58.81818181818182,0.017001545595054096,0.0,0.0,0.0,33.0,0.0,0.0,0.0,33.0,2.0,1941.0,4.07445102170253,-4.07445102170253,0.0,0.0,0.0,3.4965075614664802,7.57095858316901,7.699637717310424,3.6430785024904004,39.262786230194806,-0.9278646521837605,308.8328205855351,91.40738900769925,1658.7678389459606,-1.8546675006720712
openml_75250,3.991583886066265,0.0,0.0,0.0,0.0,0.0,0.03958591222905473,0.045454545454545456,0.1472624755578175,0.006100500897329441,37333.0,2.6785953446012912e-05,0.0,0.0,0.0,4.0,0.0,0.0,0.0,4.0,22.0,149332.0,10.527632932997834,-10.527632932997834,0.0,0.0,0.0,1.3862943611198906,11.913927294117723,0.7604593142228462,0.4025802645381583,1.2199529008583656,-0.3864171304823313,0.7029209216079229,1.4667420482368816,2.1486471902027366,0.29164336160535553
openml_126021,3.132069248447984,0.0,0.0,0.0,0.0,0.0,0.02602109207171975,0.1111111111111111,0.16203192450557172,0.07850617407890774,711.5,0.0014054813773717498,0.0,0.0,0.0,14.0,0.0,0.0,0.0,14.0,9.0,9961.0,6.567375417529907,-6.567375417529907,0.0,0.0,0.0,2.6390573296152584,9.206432747145165,0.5042224735366729,0.10982015898849742,1.696630102061122,-0.3777881808432134,1.0922177033404232,-0.037769383165414894,3.7927411190663705,-0.8639695685228497
openml_126024,0.9134838311406802,0.0,0.0,0.0,0.0,0.0,0.17140559665487295,0.5,0.671405596654873,0.3285944033451271,3109.0,0.000321646831778707,0.0,0.0,0.0,5.0,0.0,0.0,0.0,5.0,2.0,15545.0,8.042056410058754,-8.042056410058754,0.0,0.0,0.0,1.6094379124341003,9.651494322492853,2.2691571883854187,1.4713299566801221,5.892052616267206,-0.2741380990390907,21.811499158557528,9.971886413353495,53.57332841647862,-1.9248483026552334
openml_126028,3.2848260110629233,0.0,0.0,0.0,0.0,0.0,0.022310894271477033,0.1,0.13857897827363477,0.058719906048150326,1459.7142857142858,0.0006850655705617538,0.0,0.0,0.0,7.0,0.0,0.0,0.0,7.0,10.0,10218.0,7.28599600083543,-7.28599600083543,0.0,0.0,0.0,1.9459101490553132,9.231906149890744,0.36863134477337883,0.673773154153075,1.4155397926719795,0.19897258645048696,0.5816595677349108,-0.039789688016929316,1.2491569741856559,-0.5480678641759198
openml_126030,2.5759228762942774,0.0,0.0,0.0,0.0,0.0,0.01848767968145989,0.16666666666666666,0.1887561899213516,0.13651810855422858,18.358288770053477,0.05447130789397029,0.0,0.0,0.0,561.0,0.0,0.0,0.0,561.0,6.0,10299.0,2.9100811766031054,-2.9100811766031054,0.0,0.0,0.0,6.329720905522696,9.239802082125802,2.282199652458203,1.6368591415596545,14.02744036020708,-3.489893711352648,36.97025486391116,13.655742080951004,373.2474304483947,-1.847039171736927
openml_126031,3.4594316186372978,0.0,0.0,0.0,0.0,0.0,0.0,0.09090909090909091,0.09090909090909091,0.09090909090909091,137.5,0.007272727272727273,0.0,0.0,0.0,40.0,0.0,0.0,0.0,40.0,11.0,5500.0,4.923623917106626,-4.923623917106626,0.0,0.0,0.0,3.6888794541139363,8.612503371220562,0.9323876825076917,0.2852358188670881,2.6681227560999523,-1.139929983339029,3.5144578362669723,1.1959554120879787,11.43711532206087,-1.0806204695890762
openml_146574,2.584962500721156,0.0,0.0,0.0,0.0,0.0,0.0,0.16666666666666666,0.16666666666666666,0.16666666666666666,10.0,0.1,0.0,0.0,0.0,60.0,0.0,0.0,0.0,60.0,6.0,600.0,2.302585092994046,-2.3025850929940455,0.0,0.0,0.0,4.0943445622221,6.396929655216146,0.28800468482414643,0.03391962865325613,0.9314372527985869,-0.6902593912836061,0.5929956105792819,-0.5627553012602784,0.5833618934648928,-1.2147674090432217
openml_146575,0.99093240356837,15.0,3.559026084010437,5.0,10.0,2.0,0.05600000000000002,0.5,0.556,0.444,100.0,0.01,1.5,0.6666666666666666,3.0,2.0,32.0,2.0,32.0,5.0,2.0,500.0,4.605170185988092,-4.605170185988091,0.0128,0.4,0.064,1.6094379124341003,6.214608098422191,1.1933507645330412,1.2108540965005248,3.254754540733442,-0.6289709020331512,3.130901835349967,1.1208208472869288,8.593427120424957,-2.0
openml_146576,1.7874160492261657,0.0,0.0,0.0,0.0,0.0,0.125047620513428,0.25,0.3769322235434007,0.06539833531510107,12.014285714285714,0.08323424494649227,0.0,0.0,0.0,70.0,0.0,0.0,0.0,70.0,4.0,841.0,2.486096417923589,-2.486096417923589,0.0,0.0,0.0,4.248495242049359,6.734591659972948,0.6766029720566411,1.112712953474808,4.079893252760699,-0.04063627654132821,3.6126925317183076,2.3380011583006404,21.098572300293032,-0.7926969469208545
openml_146577,2.5802592077826514,21.0,2.8613807855648994,5.25,9.0,2.0,0.01365683134023898,0.16666666666666666,0.1944792973651192,0.15432873274780426,199.25,0.005018820577164366,0.0,0.0,4.0,0.0,0.0,0.0,0.0,4.0,6.0,797.0,5.294560317670324,-5.294560317670324,0.0,0.0,0.0,1.3862943611198906,6.680854678790215,0.8952516312929771,1.5002918782249295,2.6597135205050955,-0.04769234959286434,2.4347591163500533,1.052351203200422,5.074076011157608,-1.9977254397903121
openml_146578,0.9182958340544894,61.0,12.794041581923986,15.25,28.0,1.0,0.16666666666666666,0.5,0.6666666666666666,0.3333333333333333,74.66666666666667,0.013392857142857142,0.8,1.25,4.0,5.0,1200.0,2.0,666.0,9.0,2.0,672.0,4.31303376318693,-4.31303376318693,0.1984126984126984,0.2222222222222222,0.9910714285714286,2.1972245773362196,6.51025834052315,1.5221687010084597,0.24171865981580717,2.7874925905782666,-2.7874925905782666,2.8649961558718737,1.3845416239688209,5.7701149425287355,-1.5
openml_146583,0.7317786193052257,0.0,0.0,0.0,0.0,0.0,0.29501915708812265,0.5,0.7950191570881227,0.2049808429118774,24.857142857142858,0.040229885057471264,0.0,0.0,0.0,21.0,0.0,0.0,0.0,21.0,2.0,522.0,3.2131451501592156,-3.2131451501592156,0.0,0.0,0.0,3.044522437723423,6.257667587882639,4.239858120836723,8.927345438818472,16.740423276258703,1.0434706115313723,86.6778598060693,128.85404669538553,318.1755170950606,1.961354455022783
openml_146586,0.9911281257467459,0.0,0.0,0.0,0.0,0.0,0.055393586005830886,0.5,0.5553935860058309,0.4446064139941691,343.0,0.0029154518950437317,0.0,0.0,0.0,4.0,0.0,0.0,0.0,4.0,2.0,1372.0,5.8377304471659395,-5.83773044716594,0.0,0.0,0.0,1.3862943611198906,7.22402480828583,0.7657571527392617,-0.11916095861065501,1.0873780559457962,-1.0211250914127301,0.7929946735345799,0.1398975594439007,1.2614806306973119,-0.7532151683892518
openml_146592,1.0,0.0,0.0,0.0,0.0,0.0,0.0,0.5,0.5,0.5,12.12,0.08250825082508251,0.0,0.0,0.0,100.0,0.0,0.0,0.0,100.0,2.0,1212.0,2.4948569806411682,-2.4948569806411682,0.0,0.0,0.0,4.605170185988092,7.10002716662926,0.051055498552516385,3.000956350376083,3.1644734471592626,2.917412348864697,0.5249538488286923,9.542893357008358,11.416902164966224,8.780099255433162
openml_146593,0.8640904272487623,2.0,0.0,2.0,2.0,2.0,0.21355060034305318,0.5,0.7135506003430532,0.2864493996569468,58.3,0.017152658662092625,0.1111111111111111,9.0,1.0,9.0,0.0,0.0,0.0,10.0,2.0,583.0,4.065602093356446,-4.065602093356446,0.0,0.0,0.0,2.302585092994046,6.368187186350492,3.387701540803731,2.6855506089607744,10.519023554210737,-1.194834410146238,42.88627925260301,24.25710770686649,149.61837543656335,-0.5723707323304916
openml_146594,1.0,0.0,0.0,0.0,0.0,0.0,0.0,0.5,0.5,0.5,5.2,0.19230769230769232,0.0,0.0,0.0,500.0,0.0,0.0,0.0,500.0,2.0,2600.0,1.6486586255873816,-1.6486586255873816,0.0,0.0,0.0,6.214608098422191,7.8632667240095735,0.05454651763791839,0.03293073117513002,0.17165439763138432,-0.11908006924039277,0.19124747718385038,0.08086452174378354,0.5700686403910447,-0.9643436222325072
openml_146596,0.9526351224018599,0.0,0.0,0.0,0.0,0.0,0.12741652021089633,0.5,0.6274165202108963,0.37258347978910367,18.966666666666665,0.05272407732864675,0.0,0.0,0.0,30.0,0.0,0.0,0.0,30.0,2.0,569.0,2.9426830524641754,-2.9426830524641754,0.0,0.0,0.0,3.4011973816621555,6.343880434126331,1.2539196996432498,1.7358151979541778,5.432815862951913,0.41433004572342647,12.547731558905735,7.735706478700378,48.76719561050424,-0.541367070017905
openml_146597,4.199893218280201,0.0,0.0,0.0,0.0,0.0,0.021395252897116482,0.05,0.10507880910683012,0.01926444833625219,0.43923076923076926,2.276707530647986,0.0,0.0,0.0,1300.0,0.0,0.0,0.0,1300.0,20.0,571.0,-0.8227303337936178,0.8227303337936179,0.0,0.0,0.0,7.170119543449628,6.3473892096560105,6.930446199287387,10.64076657251103,23.832787381797502,0.0,167.75296310731093,175.21320761429737,566.0017543859659,-3.0
openml_146600,0.9824740868386409,144.0,15.516767804620041,7.578947368421052,71.0,1.0,0.07777777777777775,0.5,0.5777777777777777,0.4222222222222222,14.594594594594595,0.06851851851851852,1.0555555555555556,0.9473684210526315,19.0,18.0,999.0,28.0,263.0,37.0,2.0,540.0,2.6806512269140956,-2.6806512269140956,0.05,0.7567567567567568,0.48703703703703705,3.6109179126442243,6.29156913955832,5.421806776728163,1.1079805366277586,23.173300483262423,-23.173300483262423,100.08439022635218,29.557936175716467,535.0018552875698,-1.975655198112036
openml_146601,2.520381525526838,67.0,23.5,33.5,57.0,10.0,0.049539461368922365,0.16666666666666666,0.24320457796852646,0.09799713876967096,84.72727272727273,0.011802575107296138,0.06451612903225806,15.5,2.0,31.0,68100.0,29.0,2795.0,33.0,6.0,2796.0,4.43943754188722,-4.43943754188722,0.7380673689686565,0.8787878787878788,0.9996423462088698,3.4965075614664802,7.935945103353701,11.604459480033132,6.70835682184067,52.77537778690307,-1.0609203627815749,578.6858613792739,209.71541748638634,2785.847407662838,-2.0
openml_146602,0.9814538950336537,155.0,6.694021015456397,14.090909090909092,24.0,4.0,0.07999999999999999,0.5,0.58,0.42,41.666666666666664,0.024,11.0,0.09090909090909091,11.0,1.0,835.0,9.0,401.0,12.0,2.0,500.0,3.7297014486341915,-3.7297014486341915,0.13916666666666666,0.75,0.802,2.4849066497880004,6.214608098422191,1.7890072693434844,1.1692242830123218,9.849370589540278,-1.5157136416627346,15.514085485421408,2.56934045182048,95.01010101010107,-1.9989757377888746
openml_146603,3.3123077024871854,0.0,0.0,0.0,0.0,0.0,0.011313708498984762,0.1,0.114,0.074,71.42857142857143,0.014,0.0,0.0,0.0,7.0,0.0,0.0,0.0,7.0,10.0,500.0,4.268697949366879,-4.268697949366879,0.0,0.0,0.0,1.9459101490553132,6.214608098422191,0.5977441443344739,-0.7242306579082101,0.4253018508369942,-1.6483323032799109,0.8277647805482559,-1.1181918920596885,0.716999382036057,-1.8660603555188093
openml_146679,0.6454759038773972,441.0,32.506439938311416,7.229508196721311,259.0,2.0,0.33528288374313675,0.5,0.8352828837431368,0.16471711625686322,69.81666666666666,0.014323227500596801,1.0338983050847457,0.9672131147540983,61.0,59.0,18372.0,60.0,7330.0,120.0,2.0,8378.0,4.245872758724934,-4.245872758724934,0.018274051086178085,0.5,0.8749104798281213,4.787491742782046,9.03336450150698,1.6574302278192625,0.8269345011630123,13.023702620478108,-2.2931859217565553,20.212982425260982,2.529513852873265,281.68886288398136,-1.999994301246158
openml_166859,0.9885202681730657,0.0,0.0,0.0,0.0,0.0,0.06299212598425197,0.5,0.562992125984252,0.43700787401574803,50.8,0.01968503937007874,0.0,0.0,0.0,10.0,0.0,0.0,0.0,10.0,2.0,508.0,3.927896354584436,-3.927896354584436,0.0,0.0,0.0,2.302585092994046,6.230481447578482,0.7995581303828211,0.8141600127632028,2.740681613356885,-0.5678796729319457,3.6893180040909535,1.69475979422698,12.587277099903522,-0.4489999952032102
openml_166866,0.9873944843383377,0.0,0.0,0.0,0.0,0.0,0.06599999999999998,0.5,0.566,0.434,5.0,0.2,0.0,0.0,0.0,100.0,0.0,0.0,0.0,100.0,2.0,500.0,1.6094379124341003,-1.6094379124341003,0.0,0.0,0.0,4.605170185988092,6.214608098422191,0.17767767065627477,0.035256443155318264,1.2689600388390376,-0.14380274730401627,0.3780613291730521,-1.1273334539017434,1.6563610844425325,-1.3316840321645103
openml_166872,0.9998153271549208,0.0,0.0,0.0,0.0,0.0,0.008000000000000007,0.5,0.508,0.492,71.42857142857143,0.014,0.0,0.0,0.0,7.0,0.0,0.0,0.0,7.0,2.0,500.0,4.268697949366879,-4.268697949366879,0.0,0.0,0.0,1.9459101490553132,6.214608098422191,0.5190815211783492,-0.04548608572668256,0.8214248854102285,-0.9108182275004454,1.7872842567711367,0.4820466700303256,4.564743218984133,-1.1676504535570313
openml_166875,0.4761588445580706,46.0,1.0,23.0,24.0,22.0,0.3977272727272727,0.5,0.8977272727272727,0.10227272727272728,25.142857142857142,0.03977272727272727,0.10526315789473684,9.5,2.0,19.0,504.0,3.0,264.0,21.0,2.0,528.0,3.2245738459828384,-3.2245738459828384,0.045454545454545456,0.14285714285714285,0.5,3.044522437723423,6.269096283706261,1.6504091079676857,1.4576541297782888,3.8221783688067874,-2.489284240668088,4.611344121739024,4.032599570791731,13.842324119703562,-1.4558490256650458
openml_166882,0.9999538332662392,0.0,0.0,0.0,0.0,0.0,0.0040000000000000036,0.5,0.504,0.496,104.16666666666667,0.0096,0.0,0.0,0.0,6.0,0.0,0.0,0.0,6.0,2.0,625.0,4.645992180508347,-4.645992180508347,0.0,0.0,0.0,1.791759469228055,6.437751649736401,2.299266421670172,1.418069484802192,6.402214498335143,-0.23035517351172635,22.582686980017503,10.136887217650283,60.582207230430065,-1.1960658434574016
openml_166897,0.9999998093199087,1034.0,380.8769121674642,172.33333333333334,1024.0,2.0,0.00025706940874037354,0.5,0.5002570694087404,0.4997429305912596,108.05555555555556,0.009254498714652956,0.5,2.0,6.0,12.0,1133.0,6.0,832.0,18.0,2.0,1945.0,4.682645498156382,-4.682645498156382,0.03236218223364753,0.3333333333333333,0.42776349614395887,2.8903717578961645,7.573017256052546,2.246463903502267,1.0726754533093212,6.237589058352363,-2.933263267642819,18.813744121326998,8.942649066680007,76.81671286754299,-1.9998720559654704
openml_166905,0.9898335738965818,103.0,40.876507787345155,34.333333333333336,92.0,2.0,0.059288537549407105,0.5,0.5592885375494071,0.4407114624505929,25.3,0.039525691699604744,0.17647058823529413,5.666666666666667,3.0,17.0,0.0,0.0,0.0,20.0,2.0,506.0,3.2308043957334744,-3.2308043957334744,0.0,0.0,0.0,2.995732273553991,6.226536669287466,1.7217614851299157,0.5407374518288627,5.207652387859717,-3.3957992926425176,7.922572360593616,2.763014314556789,36.75278626142282,-1.3170639071749415
openml_166906,0.9790170528907757,36.0,1.2128785512842122,3.272727272727273,6.0,2.0,0.08506944444444442,0.5,0.5850694444444444,0.4149305555555556,52.36363636363637,0.019097222222222224,0.0,0.0,11.0,0.0,0.0,0.0,0.0,11.0,2.0,576.0,3.958212387897521,-3.958212387897521,0.0,0.0,0.0,2.3978952727983707,6.3561076606958915,0.5880971038857508,0.9291937664773974,1.7888543819998324,0.0,1.0373759366879518,-0.7907407407407406,1.200000000000001,-2.0
openml_166913,0.9344102044538426,73.0,22.5,36.5,59.0,14.0,0.149616368286445,0.5,0.649616368286445,0.35038363171355497,97.75,0.010230179028132993,0.3333333333333333,3.0,2.0,6.0,466.0,4.0,214.0,8.0,2.0,782.0,4.582413198865475,-4.582413198865475,0.07448849104859336,0.5,0.27365728900255754,2.0794415416798357,6.661854740545311,1.228789562564205,-0.13264939879587476,1.1284408468481597,-2.15735864802727,11.13993644362785,5.53047864995965,30.29567350021344,-0.9890170728381564
openml_166915,0.9994596212552502,0.0,0.0,0.0,0.0,0.0,0.013684210526315771,0.5,0.5136842105263157,0.4863157894736842,105.55555555555556,0.009473684210526316,0.0,0.0,0.0,9.0,0.0,0.0,0.0,9.0,2.0,950.0,4.6592374072583675,-4.659237407258367,0.0,0.0,0.0,2.1972245773362196,6.856461984594587,0.44476107487958255,-0.018734070544993375,0.7460876467379375,-0.6601887920223164,0.4119671210682516,-0.7805674399406982,-0.022757764771024647,-1.30280222001797
openml_166931,0.9999884584088952,0.0,0.0,0.0,0.0,0.0,0.0020000000000000018,0.5,0.502,0.498,100.0,0.01,0.0,0.0,0.0,5.0,0.0,0.0,0.0,5.0,2.0,500.0,4.605170185988092,-4.605170185988091,0.0,0.0,0.0,1.6094379124341003,6.214608098422191,0.07578126234426684,0.013709042747673044,0.14911349387519493,-0.07140579899945171,0.06277217008369831,-1.214109622776187,-1.144434541589831,-1.3068822995854459
openml_166932,0.9999884584088952,0.0,0.0,0.0,0.0,0.0,0.0020000000000000018,0.5,0.502,0.498,71.42857142857143,0.014,0.0,0.0,0.0,7.0,0.0,0.0,0.0,7.0,2.0,500.0,4.268697949366879,-4.268697949366879,0.0,0.0,0.0,1.9459101490553132,6.214608098422191,0.588592908338522,-0.11791188076872641,0.8233626168547727,-0.835435682915925,1.840806154114059,0.4581793204363647,4.576709620113655,-1.207748058989646
openml_166944,0.9765004687578241,0.0,0.0,0.0,0.0,0.0,0.09,0.5,0.59,0.41,10.0,0.1,0.0,0.0,0.0,50.0,0.0,0.0,0.0,50.0,2.0,500.0,2.302585092994046,-2.3025850929940455,0.0,0.0,0.0,3.912023005428146,6.214608098422191,0.13597534233550174,0.027087392717837666,0.8232495476888839,-0.1533899595262881,0.23741201985053095,-1.1592130826010658,0.3845395948060819,-1.2991584618909529
openml_166950,0.99440665256278,0.0,0.0,0.0,0.0,0.0,0.04400000000000001,0.5,0.544,0.456,50.0,0.02,0.0,0.0,0.0,10.0,0.0,0.0,0.0,10.0,2.0,500.0,3.912023005428146,-3.912023005428146,0.0,0.0,0.0,2.302585092994046,6.214608098422191,0.43766145935944567,0.15868652847313064,1.281335676820261,-0.15488639786644576,0.8249290981902297,-0.763686030671557,1.4694871595884083,-1.303114937914327
openml_166951,0.9881489563064276,0.0,0.0,0.0,0.0,0.0,0.06399999999999997,0.5,0.564,0.436,10.0,0.1,0.0,0.0,0.0,50.0,0.0,0.0,0.0,50.0,2.0,500.0,2.302585092994046,-2.3025850929940455,0.0,0.0,0.0,3.912023005428146,6.214608098422191,0.2755949219414609,0.07851404077592015,1.736939146322224,-0.08273695961437766,0.7175301635311885,-1.0637494030519024,3.5323187428129286,-1.2846320544048002
openml_166953,0.6143331287530932,3347.0,130.21872198557148,223.13333333333333,414.0,43.0,0.34819734345351044,0.5,0.8481973434535104,0.15180265654648956,14.63888888888889,0.0683111954459203,0.7142857142857143,1.4,15.0,21.0,542.0,29.0,130.0,36.0,2.0,527.0,2.6836816100852525,-2.683681610085252,0.028568416613957412,0.8055555555555556,0.24667931688804554,3.58351893845611,6.267200548541362,4.239070625195402,0.41357818706305916,14.244153359382233,-5.808088121001987,47.11060153671924,25.274487734862127,228.36949511541596,-0.23193911764188302
openml_166956,0.2555855667489857,43.0,0.0,43.0,43.0,43.0,0.4570661896243292,0.5,0.9570661896243292,0.04293381037567084,139.75,0.007155635062611807,0.3333333333333333,3.0,1.0,3.0,0.0,0.0,0.0,4.0,2.0,559.0,4.939855112035208,-4.939855112035208,0.0,0.0,0.0,1.3862943611198906,6.326149473155099,4.425430416330669,3.346798713749898,9.600138608656808,0.0,49.595948274818035,33.93423036333471,104.07343386082093,-1.2142857142857142
openml_166957,0.5923330028993273,43.0,0.0,43.0,43.0,43.0,0.35688729874776387,0.5,0.8568872987477638,0.14311270125223613,139.75,0.007155635062611807,0.3333333333333333,3.0,1.0,3.0,0.0,0.0,0.0,4.0,2.0,559.0,4.939855112035208,-4.939855112035208,0.0,0.0,0.0,1.3862943611198906,6.326149473155099,4.4495239936105255,3.363849437773816,9.651290780728562,0.0,50.42783472915013,34.52246340459916,105.83813298461425,-1.2142857142857142
openml_166958,0.21401923999367883,43.0,0.0,43.0,43.0,43.0,0.4660107334525939,0.5,0.9660107334525939,0.03398926654740608,139.75,0.007155635062611807,0.3333333333333333,3.0,1.0,3.0,0.0,0.0,0.0,4.0,2.0,559.0,4.939855112035208,-4.939855112035208,0.0,0.0,0.0,1.3862943611198906,6.326149473155099,4.4495239936105255,3.363849437773816,9.651290780728562,0.0,50.42783472915013,34.52246340459916,105.83813298461425,-1.2142857142857142
openml_166959,0.15935006268563445,43.0,0.0,43.0,43.0,43.0,0.4767441860465116,0.5,0.9767441860465116,0.023255813953488372,139.75,0.007155635062611807,0.3333333333333333,3.0,1.0,3.0,0.0,0.0,0.0,4.0,2.0,559.0,4.939855112035208,-4.939855112035208,0.0,0.0,0.0,1.3862943611198906,6.326149473155099,4.425430416330669,3.346798713749898,9.600138608656808,0.0,49.595948274818035,33.93423036333471,104.07343386082093,-1.2142857142857142
openml_166970,0.8394472850826536,575.0,22.690652275596698,8.455882352941176,129.0,2.0,0.23140087059754652,0.5,0.7314008705975465,0.2685991294024535,148.64705882352942,0.006727344677483181,0.0,0.0,68.0,0.0,2699.0,1.0,2699.0,68.0,2.0,10108.0,5.001574763331978,-5.001574763331978,0.003926709187830257,0.014705882352941176,0.26701622477245746,4.219507705176107,9.221082468508085,3.942243001055121,0.6138845819243111,18.5890989939669,-14.258000755550647,40.4754273752976,13.91813415929247,343.55460140750137,-1.991109880644764
openml_166996,0.219991095221991,0.0,0.0,0.0,0.0,0.0,0.4647670844171199,0.5,0.9647670844171199,0.035232915582880116,2.6153370439084727,0.3823598959564909,0.0,0.0,0.0,1617.0,0.0,0.0,0.0,1617.0,2.0,4229.0,0.9613929778953818,-0.9613929778953817,0.0,0.0,0.0,7.388327859577107,8.34972083747249,3.3778961136623553,4.958935329018632,22.92655437010711,-2.407577623102109,54.4348648236088,34.001221752084376,523.6268952854772,-1.9999192577979972
openml_167085,1.0,2969.0,0.1733176274935703,2.969,3.0,2.0,0.0,0.5,0.5,0.5,1.6,0.625,0.0,0.0,1000.0,0.0,0.0,0.0,0.0,1000.0,2.0,1600.0,0.47000362924573563,-0.4700036292457356,0.0,0.0,0.0,6.907755278982137,7.3777589082278725,3.260387613369953,1.5503941475827654,23.02900805192361,-7.980093676960348,43.44400533806107,11.033849402275106,528.3352118555626,-2.0
openml_167086,1.0,60.0,0.0,3.0,3.0,3.0,0.0,0.5,0.5,0.5,80.0,0.0125,0.0,0.0,20.0,0.0,0.0,0.0,0.0,20.0,2.0,1600.0,4.382026634673881,-4.382026634673881,0.0,0.0,0.0,2.995732273553991,7.3777589082278725,3.8567304830970217,1.960022184574822,19.924921738006006,-2.598906371619318,59.71574251966255,16.716056983275244,395.0025062656642,-1.9999937499902338
openml_167087,1.0,58.0,0.3,2.9,3.0,2.0,0.0,0.5,0.5,0.5,80.0,0.0125,0.0,0.0,20.0,0.0,0.0,0.0,0.0,20.0,2.0,1600.0,4.382026634673881,-4.382026634673881,0.0,0.0,0.0,2.995732273553991,7.3777589082278725,2.964367940920733,1.3181845225314621,12.530215054346677,-6.745806685187705,23.90051420935537,8.525087724600128,155.00628930817615,-1.999493685919624
openml_167088,1.0,60.0,0.0,3.0,3.0,3.0,0.0,0.5,0.5,0.5,80.0,0.0125,0.0,0.0,20.0,0.0,0.0,0.0,0.0,20.0,2.0,1600.0,4.382026634673881,-4.382026634673881,0.0,0.0,0.0,2.995732273553991,7.3777589082278725,3.524337718752969,1.895154725876983,16.237931850519,-2.713750817117791,43.99288386357183,14.012567790838746,261.67043078209946,-1.999974999843749
openml_167089,1.0,59.0,0.21794494717703367,2.95,3.0,2.0,0.0,0.5,0.5,0.5,80.0,0.0125,0.0,0.0,20.0,0.0,0.0,0.0,0.0,20.0,2.0,1600.0,4.382026634673881,-4.382026634673881,0.0,0.0,0.0,2.995732273553991,7.3777589082278725,4.189252961812835,1.9320752266679877,23.029008051923608,-6.537327430344766,72.73657332122987,19.282755059561776,528.3352118555624,-1.999943749208973
openml_167090,1.0,59.0,0.21794494717703367,2.95,3.0,2.0,0.0,0.5,0.5,0.5,80.0,0.0125,0.0,0.0,20.0,0.0,0.0,0.0,0.0,20.0,2.0,1600.0,4.382026634673881,-4.382026634673881,0.0,0.0,0.0,2.995732273553991,7.3777589082278725,3.1923915920248045,1.5575007616613201,13.22056861853483,-7.2243251153992825,32.65960830681045,10.617172699406265,172.783434597388,-1.9999437492089729
openml_167094,0.7611592355158557,20.0,0.0,2.0,2.0,2.0,0.2794561933534743,0.5,0.7794561933534743,0.22054380664652568,132.4,0.0075528700906344415,0.0,0.0,10.0,0.0,0.0,0.0,0.0,10.0,2.0,1324.0,4.885827643502908,-4.885827643502908,0.0,0.0,0.0,2.302585092994046,7.188412736496954,0.01817967084675097,6.323067069935462e-17,0.04230553391714415,-0.042305533917143694,0.0005044508931435556,-1.9996694995679039,-1.9982102417999854,-2.0
openml_167096,0.9158790625676118,18.0,0.0,2.0,2.0,2.0,0.16906474820143882,0.5,0.6690647482014388,0.33093525179856115,108.11111111111111,0.009249743062692703,0.0,0.0,9.0,0.0,0.0,0.0,0.0,9.0,2.0,973.0,4.683159504849786,-4.683159504849786,0.0,0.0,0.0,2.1972245773362196,6.880384082186005,0.017456592324207126,-7.353300067612798e-17,0.03494880846396651,-0.03494880846396667,0.0003722381942120733,-1.9996952673844264,-1.9987785807869491,-1.9999957749216244
openml_167097,0.5878935751446988,17.0,3.344772040064913,4.25,10.0,2.0,0.35860000000000003,0.5,0.8586,0.1414,250.0,0.004,0.25,4.0,4.0,16.0,0.0,0.0,0.0,20.0,2.0,5000.0,5.521460917862246,-5.521460917862246,0.0,0.0,0.0,2.995732273553991,8.517193191416238,1.1399232491446478,0.47060036922714404,3.1012978894331322,-2.7704347547251054,2.2523056728351474,0.6333407597872068,7.618048599002394,-1.9999839999359994
openml_167099,0.9076514058796559,0.0,0.0,0.0,0.0,0.0,0.17696501590186278,0.5,0.6769650159018628,0.3230349840981372,733.6666666666666,0.0013630168105406633,0.0,0.0,0.0,3.0,0.0,0.0,0.0,3.0,2.0,2201.0,6.598054792858352,-6.598054792858352,0.0,0.0,0.0,1.0986122886681098,7.696667081526462,2.469069156749938,0.6840601486457848,4.1526815193242,-1.3980336463688616,7.381934190218018,4.81327297522435,15.244763800936731,-0.7594429516430967
openml_167100,0.9433390515199497,2.0,0.0,1.0,1.0,1.0,0.1392075078206465,0.5,0.6392075078206465,0.3607924921793535,21.795454545454547,0.045881126173096975,0.047619047619047616,21.0,2.0,42.0,0.0,0.0,0.0,44.0,2.0,959.0,3.081701440965177,-3.081701440965177,0.0,0.0,0.0,3.784189633918261,6.8658910748834385,6.132018749668258,5.00092917577348,30.919266547596823,-0.2944436994423865,155.12467305449846,63.82465055387435,954.0010438413367,-0.6969487163981833
openml_167101,0.9999429024267611,20.0,0.0,2.0,2.0,2.0,0.004448398576512469,0.5,0.5044483985765125,0.49555160142348753,112.4,0.008896797153024912,0.0,0.0,10.0,0.0,0.0,0.0,0.0,10.0,2.0,1124.0,4.722063937459591,-4.72206393745959,0.0,0.0,0.0,2.302585092994046,7.024649030453636,0.02658971146768057,-1.9428902930940238e-17,0.05339980670372968,-0.05339980670372987,0.0009165263006332744,-1.9992929872440655,-1.9971484606440044,-2.0
openml_167103,0.9999981465894787,0.0,0.0,0.0,0.0,0.0,0.000801462952092824,0.5,0.5008014629520928,0.4991985370479072,14764.666666666666,6.772926355714092e-05,0.0,0.0,0.0,6.0,0.0,0.0,0.0,6.0,2.0,88588.0,9.59999221801168,-9.59999221801168,0.0,0.0,0.0,1.791759469228055,11.391751687239736,1.1483540394877187,-0.7596118030538075,0.09487701407812914,-3.2002561705577293,3.502198159327901,2.989450371614366,9.486971806693631,-0.1948988832743579
openml_167105,0.3028903171988337,0.0,0.0,0.0,0.0,0.0,0.44606323620582766,0.5,0.9460632362058277,0.05393676379417235,967.8,0.0010332713370531101,0.0,0.0,0.0,5.0,0.0,0.0,0.0,5.0,2.0,4839.0,6.875025454359218,-6.875025454359218,0.0,0.0,0.0,1.6094379124341003,8.48446336679332,3.507097958627596,3.372383539515468,7.729121691759185,-0.7505497799177487,49.56300576774934,47.95708849452925,119.61450776123766,-0.01654034974172447
openml_167106,0.4201910370851764,0.0,0.0,0.0,0.0,0.0,0.41481481481481486,0.5,0.9148148148148149,0.08518518518518518,30.0,0.03333333333333333,0.0,0.0,0.0,18.0,0.0,0.0,0.0,18.0,2.0,540.0,3.4011973816621555,-3.4011973816621555,0.0,0.0,0.0,2.8903717578961645,6.29156913955832,0.0006882522153482789,5.453995059411354e-06,0.0012710186076154114,-0.0008304281895012555,0.0006652080797769907,-1.2000139601470414,-1.198681125088765,-1.2013815723777577
openml_167202,1.4797951605545792,360.0,0.0,2.0,2.0,2.0,0.13138983388358413,0.3333333333333333,0.5191462649089768,0.2401129943502825,17.7,0.05649717514124294,0.0,0.0,180.0,0.0,0.0,0.0,0.0,180.0,3.0,3186.0,2.8735646395797834,-2.8735646395797834,0.0,0.0,0.0,5.19295685089021,8.066521490469993,1.1981643749584627,-2.1587669923266933e-17,2.090268765872287,-2.090268765872287,0.621992186328564,-0.5644021305803962,2.3692235135812574,-1.9999747796470184
openml_167203,5.523561956057012,0.0,0.0,0.0,0.0,0.0,3.469446951953614e-18,0.021739130434782605,0.021739130434782608,0.021739130434782608,89.84375,0.011130434782608696,0.0,0.0,0.0,1024.0,0.0,0.0,0.0,1024.0,46.0,92000.0,4.498072050431724,-4.498072050431724,0.0,0.0,0.0,6.931471805599453,11.429543856031177,0.7918690154925587,0.7113719664762739,5.207632746229497,-0.6101056130247972,2.628249577074609,-0.9108965343628357,27.700138064873176,-3.0
openml_167204,3.321928094887362,0.0,0.0,0.0,0.0,0.0,0.0,0.1,0.1,0.1,19.53125,0.0512,0.0,0.0,0.0,3072.0,0.0,0.0,0.0,3072.0,10.0,60000.0,2.972015746936675,-2.972015746936675,0.0,0.0,0.0,8.030084094267563,11.002099841204238,0.15187764167217965,0.20189980361225945,0.5522673115617135,-0.07885747508305453,0.18930842147585866,-0.7584152674201974,-0.39176666370105506,-1.324775313900577
openml_167205,2.993026787316555,0.0,0.0,0.0,0.0,0.0,0.012028130608117206,0.125,0.1388888888888889,0.09722222222222222,14.025974025974026,0.0712962962962963,0.0,0.0,0.0,77.0,1396.0,49.0,528.0,77.0,8.0,1080.0,2.6409108982645817,-2.6409108982645813,0.016786916786916788,0.6363636363636364,0.4888888888888889,4.343805421853684,6.984716320118266,1.253426191978683,0.8043976159431694,4.732315977345432,-0.8819896927215363,10.841028957057661,4.627166413550499,62.25375418461746,-0.7396036251961702
openml_168785,2.4106904422724416,0.0,0.0,0.0,0.0,0.0,0.1063848380610131,0.14285714285714285,0.3467284904688305,0.02833590932509016,71.88888888888889,0.013910355486862442,0.0,0.0,0.0,27.0,0.0,0.0,0.0,27.0,7.0,1941.0,4.275121717164681,-4.275121717164681,0.0,0.0,0.0,3.295836866004329,7.57095858316901,8.475910868613928,3.7383555363804226,39.262786230194806,-0.9278646521837605,338.7965350050477,109.30085801353893,1658.7678389459606,-1.8546675006720712
openml_168791,0.5841908881393563,3110.0,0.0,2.0,2.0,2.0,0.36001829826166515,0.5,0.8600182982616651,0.13998170173833485,2.1046213093709882,0.4751448612381824,518.3333333333334,0.0019292604501607716,1555.0,3.0,0.0,0.0,0.0,1558.0,2.0,3279.0,0.7441355504139546,-0.7441355504139546,0.0,0.0,0.0,7.351158226430694,8.095293776844649,14.456456912488838,0.003720784092769686,28.578859693382544,-28.578859693382544,97.663316722712,206.99826988360965,814.7512213740447,-1.1222003956012048
openml_189779,1.5662478253027114,6.0,0.0,2.0,2.0,2.0,0.05296734246435422,0.3333333333333333,0.3897220190197513,0.26243599122165323,405.037037037037,0.002468910021945867,0.125,8.0,3.0,24.0,0.0,0.0,0.0,27.0,3.0,10936.0,6.003978512399456,-6.003978512399456,0.0,0.0,0.0,3.295836866004329,9.299815378403785,2.6732212338628374,2.45417823614417,9.106201909302483,-1.5444251204745911,29.026267366192116,18.767374503327556,98.85555949075301,-1.8416595518824668
openml_189786,2.805242549620453,0.0,0.0,0.0,0.0,0.0,0.007630796350188337,0.14285714285714285,0.14814814814814814,0.1259259259259259,0.14828181390240075,6.743915343915344,0.0,0.0,0.0,6373.0,0.0,0.0,0.0,6373.0,7.0,945.0,-1.9086406678205514,1.9086406678205514,0.0,0.0,0.0,8.759825595314295,6.851184927493743,3.1722254873793347,1.2050082161337436,30.634128638152735,-30.455313972467813,66.05495547434691,17.37102379194836,937.5905645866915,-3.0
openml_189828,1.3636330318506713,2459.0,206.65400760213845,68.30555555555556,790.0,1.0,0.17489825495396372,0.3333333333333333,0.5391191557101586,0.11159915885462728,2076.8571428571427,0.00048149676709313525,2.769230769230769,0.3611111111111111,36.0,13.0,0.0,0.0,0.0,49.0,3.0,101766.0,7.638611040989267,-7.638611040989267,0.0,0.0,0.0,3.8918202981106265,11.530431339099893,22.708285663594605,1.0797680293392122,88.45990037250897,-88.45990037250897,1497.3703049646879,524.8375536358141,7823.153973914204,-1.9986517988897137
openml_189829,4.970367640442072,102.0,15.595001815730994,7.285714285714286,62.0,2.0,0.019390974099843136,0.00980392156862745,0.08879082082965578,0.000176522506619594,354.0625,0.002824360105913504,7.0,0.14285714285714285,14.0,2.0,0.0,0.0,0.0,16.0,102.0,5665.0,5.8694734512223254,-5.8694734512223254,0.0,0.0,0.0,2.772588722239781,8.642062173462106,1.4498307944799989,0.42317626488016613,2.5612744262202756,-2.393324079168068,2.196932185355677,0.3718114514936196,4.560126686410004,-1.8928523436250195
openml_189836,1.8617149332355556,0.0,0.0,0.0,0.0,0.0,0.16110878733278816,0.14285714285714285,0.44875459371171905,0.0010208248264597796,445.27272727272725,0.002245814618211515,0.0,0.0,0.0,11.0,0.0,0.0,0.0,11.0,7.0,4898.0,6.0986869647137425,-6.0986869647137425,0.0,0.0,0.0,2.3978952727983707,8.496582237512113,1.2366016989652828,1.3000218797247916,5.02179216967103,0.3905901775815235,10.318977175399798,7.057782729285891,37.525039050086185,-0.6989373039309155
openml_189840,2.1832577137412583,93.0,2.5871477215909673,6.2,10.0,3.0,0.13082998976123342,0.125,0.4171222565565328,8.913715236510577e-05,3481.655172413793,0.00028721971317645194,1.0714285714285714,0.9333333333333333,15.0,14.0,0.0,0.0,0.0,29.0,8.0,100968.0,8.155263083951992,-8.155263083951992,0.0,0.0,0.0,3.367295829986474,11.522558913938466,2.573934288935913,0.9673942438249151,7.61738271783073,-5.470626539488022,30.17885003106949,11.212097434125983,201.9275210052017,-1.9944982990608147
openml_189841,3.3206944949388286,48.0,0.0,2.0,2.0,2.0,0.00411978837441925,0.1,0.1053125,0.0925,133.33333333333334,0.0075,0.0,0.0,24.0,0.0,0.0,0.0,0.0,24.0,10.0,3200.0,4.892852258439873,-4.892852258439873,0.0,0.0,0.0,3.1780538303479458,8.070906088787819,0.5051786208144977,-1.850371707708594e-17,1.619800780711621,-1.619800780711621,0.59972694812891,-1.7447945610719617,0.6237545691939763,-2.0
openml_189843,1.7090616375059242,0.0,0.0,0.0,0.0,0.0,0.1782648306503761,0.16666666666666666,0.425891181988743,0.006253908692933083,145.36363636363637,0.0068792995622263915,0.0,0.0,0.0,11.0,0.0,0.0,0.0,11.0,6.0,1599.0,4.979238440035584,-4.979238440035584,0.0,0.0,0.0,2.3978952727983707,7.377133712833954,1.7508418268699175,1.6815346984881985,5.675016527504255,0.071220771535576,13.309217794959276,8.279087779260575,41.581708043675754,-0.7902825153036654
openml_189844,0.1105808447698871,0.0,0.0,0.0,0.0,0.0,0.4852941176470588,0.5,0.9852941176470589,0.014705882352941176,141.66666666666666,0.007058823529411765,0.0,0.0,0.0,36.0,0.0,0.0,0.0,36.0,2.0,5100.0,4.953476880256307,-4.953476880256307,0.0,0.0,0.0,3.58351893845611,8.536995818712418,0.17953311992908208,-0.10958507211891858,0.12110885536187853,-0.40824266803843917,0.38421860963344145,-0.463926907155759,0.07977905471181801,-1.0004998802123974
openml_189845,4.648562076012778,0.0,0.0,0.0,0.0,0.0,0.020522074835541252,0.03333333333333333,0.08,0.006,52.63157894736842,0.019,0.0,0.0,0.0,19.0,0.0,0.0,0.0,19.0,30.0,1000.0,3.9633162998156966,-3.9633162998156966,0.0,0.0,0.0,2.9444389791664403,6.907755278982137,0.9691216719881544,1.1965260523956172,3.9817821827803477,-0.07923663922959179,6.605016369101632,3.804356737959254,27.51730608847579,-0.4037316031112499
openml_189846,4.245430965696704,0.0,0.0,0.0,0.0,0.0,0.015768661279945636,0.049999999999999996,0.0634761145453354,0.03051484240186977,22890.5,4.368624538564033e-05,0.0,0.0,0.0,2.0,0.0,0.0,0.0,2.0,20.0,45781.0,10.03847725630787,-10.03847725630787,0.0,0.0,0.0,0.6931471805599453,10.731624436867815,0.003477699624619366,-0.004706756580934573,-0.0012290569563152074,-0.00818445620555394,0.00011295570540414968,-1.2000704485753095,-1.1999574928699055,-1.2001834042807138
openml_189857,3.2216040734630353,0.0,0.0,0.0,0.0,0.0,0.039250803854420695,0.1,0.19095770931321698,0.06298784356776682,32.320638020833336,0.030939983281128826,0.0,0.0,0.0,3072.0,0.0,0.0,0.0,3072.0,10.0,99289.0,3.4757059742016545,-3.4757059742016545,0.0,0.0,0.0,8.030084094267563,11.505790068469217,0.0749436973237213,0.35233028616146306,0.5831410894401071,0.17736943026279087,0.1599652867269628,-0.39580058941381296,0.13016393768920498,-0.6901857839606875
openml_189858,3.2728026101259595,0.0,0.0,0.0,0.0,0.0,0.02753766728106279,0.1,0.16702516670251666,0.07614540761454076,36.3203125,0.027532802753280277,0.0,0.0,0.0,256.0,0.0,0.0,0.0,256.0,10.0,9298.0,3.5923771577709678,-3.5923771577709673,0.0,0.0,0.0,5.545177444479562,9.13755460225053,1.780788624573933,1.465439752733189,9.391878503978756,-0.9463682103578424,13.807124643179575,4.763231230679645,105.39020910850165,-1.5728152303014615
openml_189859,4.279204622115651,0.0,0.0,0.0,0.0,0.0,0.01238176597034621,0.05,0.08347826086956522,0.03304347826086956,0.05580357142857143,17.92,0.0,0.0,0.0,10304.0,0.0,0.0,0.0,10304.0,20.0,575.0,-2.8859174075467844,2.8859174075467844,0.0,0.0,0.0,9.240287448344136,6.354370040797351,0.8142035298177933,0.4631550508504061,3.943214768402297,-1.2864306405235868,2.4851833444584956,0.5291299106514084,19.8112783042127,-1.4913638920062422
openml_189863,0.9999762953997441,0.0,0.0,0.0,0.0,0.0,0.0028662420382165876,0.5,0.5028662420382166,0.49713375796178344,12.123552123552123,0.08248407643312101,0.0,0.0,0.0,259.0,0.0,0.0,0.0,259.0,2.0,3140.0,2.495150017202761,-2.495150017202761,0.0,0.0,0.0,5.556828061699537,8.0519780789023,0.05335592118948884,0.03400205140580393,0.19018412201218587,-0.12010571393941698,0.23823378565491532,0.0600160779799589,0.4731214937790025,-0.9633747969501254
openml_189864,1.0,0.0,0.0,0.0,0.0,0.0,0.0,0.5,0.5,0.5,18.935064935064936,0.05281207133058985,0.0,0.0,0.0,308.0,0.0,0.0,0.0,308.0,2.0,5832.0,2.9410154907149195,-2.9410154907149195,0.0,0.0,0.0,5.730099782973574,8.671115273688494,7.444304839416727,2.7225881299038193,62.116872243902066,-7.70452788102919,421.9825229788446,102.27599455453625,4251.7457644588085,-1.2582197019842911
openml_189869,0.45412495169851486,7431.0,787.3229668196101,530.7857142857143,2580.0,1.0,0.40463605680443226,0.5,0.9046360568044323,0.09536394319556772,1427.5454545454545,0.0007005030885817997,1.75,0.5714285714285714,14.0,8.0,29756.0,6.0,17204.0,22.0,2.0,31406.0,7.263711783086583,-7.263711783086583,0.043066466743471137,0.2727272727272727,0.5477934152709674,3.091042453358316,10.354754236444899,2.346105128653208,1.3676781032729195,6.140565764454243,-6.140565764454243,10.514144039668201,6.249210790338712,35.706547907587556,-1.9997965054094926
openml_189870,0.5378879336854765,2412.0,298.2649828592019,134.0,1063.0,2.0,0.3770124549552636,0.5,0.8770124549552636,0.12298754504473644,2280.71875,0.00043845827110422975,1.2857142857142858,0.7777777777777778,18.0,14.0,149271.0,20.0,69709.0,32.0,2.0,72983.0,7.732245913498481,-7.732245913498481,0.06391514119726512,0.625,0.9551402381376485,3.4657359027997265,11.197981816298208,8.553522641812632,1.1342774311256354,34.26581403564651,-34.26581403564651,257.93166642742733,73.21063008315595,1172.146011525509,-1.9986930829210257
openml_189875,1.752823214395532,0.0,0.0,0.0,0.0,0.0,0.18964257697046832,0.2,0.5581,0.03715,1000.0,0.001,0.0,0.0,0.0,20.0,0.0,0.0,0.0,20.0,5.0,20000.0,6.907755278982137,-6.907755278982137,0.0,0.0,0.0,2.995732273553991,9.903487552536127,3.1373830025327663,2.101215070151519,6.020988361806476,-3.9940216638217167,15.738192462492645,18.425439733989787,47.92679521471667,1.7897209893170043
openml_189878,5.643856189774724,0.0,0.0,0.0,0.0,0.0,0.0,0.02,0.02,0.02,0.15,6.666666666666667,0.0,0.0,0.0,10000.0,0.0,0.0,0.0,10000.0,50.0,1500.0,-1.8971199848858813,1.8971199848858813,0.0,0.0,0.0,9.210340371976184,7.313220387090301,4.6450207816702775,7.253082621723324,33.79616634313512,-0.48185089127008385,104.34811357612142,83.24892632957955,1228.74433518789,-0.7041253686517166
openml_189880,0.6339150791458084,0.0,0.0,0.0,0.0,0.0,0.353190549408428,0.2,0.9063462723351817,0.017868145409735057,541.0,0.0018484288354898336,0.0,0.0,0.0,3.0,0.0,0.0,0.0,3.0,5.0,1623.0,6.293419278846481,-6.293419278846481,0.0,0.0,0.0,1.0986122886681098,7.392031567514591,0.7436115912198681,0.5429068508873126,1.594497264485296,0.00966185104198556,1.706988843277842,-0.009362785519219763,2.404562818054896,-1.2372719931922944
openml_189881,0.6665837592340824,0.0,0.0,0.0,0.0,0.0,0.3500528779618366,0.2,0.9000657462195923,0.0190664036817883,507.0,0.0019723865877712033,0.0,0.0,0.0,3.0,0.0,0.0,0.0,3.0,5.0,1521.0,6.2285110035911835,-6.2285110035911835,0.0,0.0,0.0,1.0986122886681098,7.327123292259293,0.7149794072707067,0.5276772316799606,1.5385999655224785,0.004334341276789884,1.6095028530865514,-0.07974569994094723,2.1962887502006563,-1.2401132598432278
openml_189882,0.6615677051184635,0.0,0.0,0.0,0.0,0.0,0.35051729961136235,0.2,0.900990099009901,0.01914191419141914,505.0,0.0019801980198019802,0.0,0.0,0.0,3.0,0.0,0.0,0.0,3.0,5.0,1515.0,6.22455842927536,-6.22455842927536,0.0,0.0,0.0,1.0986122886681098,7.323170717943469,0.689776355645044,0.5067370678308408,1.4820233832706886,0.0017854324984382468,1.5079230262066818,-0.14673248706968497,1.985491141940698,-1.2439019312948074
openml_189883,0.294800780949217,0.0,0.0,0.0,0.0,0.0,0.38113132040207653,0.2,0.9621658805031447,0.0025550314465408804,3392.0,0.00029481132075471697,0.0,0.0,0.0,3.0,0.0,0.0,0.0,3.0,5.0,10176.0,8.129174996911793,-8.129174996911793,0.0,0.0,0.0,1.0986122886681098,9.227787285579904,0.8037280816784933,0.5463052487104362,1.6829470874930117,-0.023512889639633525,4.786545594714965,2.199722671172467,8.968920368004069,-1.1849127170643265
openml_189884,0.2823733205904056,0.0,0.0,0.0,0.0,0.0,0.38209323531201983,0.19999999999999998,0.9640982377202849,0.0024371953505811774,3556.0,0.00028121484814398203,0.0,0.0,0.0,3.0,0.0,0.0,0.0,3.0,5.0,10668.0,8.176391596633795,-8.176391596633795,0.0,0.0,0.0,1.0986122886681098,9.275003885301905,0.7859675275626459,0.5303263882853565,1.6418232934020618,-0.03237936341829717,4.636132467403194,2.0958858024366265,8.65236270978725,-1.1890088888061325
openml_189887,0.30232274340463156,0.0,0.0,0.0,0.0,0.0,0.38053040594091625,0.2,0.9609570527580339,0.002602863149464411,3329.6666666666665,0.00030033036339973974,0.0,0.0,0.0,3.0,0.0,0.0,0.0,3.0,5.0,9989.0,8.11062747786404,-8.11062747786404,0.0,0.0,0.0,1.0986122886681098,9.20923976653215,0.8002545629368607,0.5447306595646021,1.6764614603758807,-0.021441535878815376,4.803582334783671,2.2186685645604376,9.011958558875092,-1.1816041628675342
openml_189890,0.4099615538146891,0.0,0.0,0.0,0.0,0.0,0.37219076749960717,0.19999999999999998,0.9442476865074831,0.006397806466354392,2917.6666666666665,0.0003427396321261282,0.0,0.0,0.0,3.0,0.0,0.0,0.0,3.0,5.0,8753.0,7.978539489064328,-7.978539489064328,0.0,0.0,0.0,1.0986122886681098,9.077151777732437,0.5735730419352587,0.41180896029841185,1.2228724005533451,-0.004264276023290881,1.2268810945487958,-0.3260666479890511,1.4089816888158753,-1.2014190955587798
openml_189893,0.4159970675013268,0.0,0.0,0.0,0.0,0.0,0.37169931070379314,0.2,0.9432632308758956,0.006470996071180957,2884.6666666666665,0.00034666050381326557,0.0,0.0,0.0,3.0,0.0,0.0,0.0,3.0,5.0,8654.0,7.96716463211672,-7.96716463211672,0.0,0.0,0.0,1.0986122886681098,9.06577692078483,0.574742713031111,0.41570364518846675,1.2283837117107181,-0.003170795979889543,1.244483907180005,-0.31494734131973967,1.4449790497513861,-1.2051387504597775
openml_189894,0.5669386512128634,0.0,0.0,0.0,0.0,0.0,0.35790710868055553,0.2,0.915469146238377,0.0076077768385460695,394.3333333333333,0.00253592561284869,0.0,0.0,0.0,3.0,0.0,0.0,0.0,3.0,5.0,1183.0,5.977196575310277,-5.977196575310277,0.0,0.0,0.0,1.0986122886681098,7.075808863978387,0.6186614454189641,0.4112220537843996,1.2768771168981974,-0.13157801912218303,1.165411416701474,-0.3397551305861888,1.3080420655704845,-1.1927905699631172
openml_189899,2.893653383238954,7.0,0.4714045207910317,2.3333333333333335,3.0,2.0,0.050291373238580614,0.125,0.22,0.076,18.75,0.05333333333333334,0.08108108108108109,12.333333333333334,3.0,37.0,0.0,0.0,0.0,40.0,8.0,750.0,2.9311937524164198,-2.9311937524164198,0.0,0.0,0.0,3.6888794541139363,6.620073206530356,0.528202518418518,0.025191005959237008,1.4196104457901206,-1.164030896873157,0.6871092745072548,-0.9292739112897368,1.086366732339556,-1.983548615127563
openml_189900,1.5824160258653346,10.0,0.5,2.5,3.0,2.0,0.019668453741012743,0.3333333333333333,0.35,0.3057142857142857,58.333333333333336,0.017142857142857144,0.5,2.0,4.0,8.0,0.0,0.0,0.0,12.0,3.0,700.0,4.0661736852554045,-4.0661736852554045,0.0,0.0,0.0,2.4849066497880004,6.551080335043404,1.1109403412923244,0.34880787568827026,3.6530150257145593,-1.5,2.9375542683831526,-0.39424408684243656,11.344518778096349,-1.9935897435897434
openml_189902,0.29519016963717026,0.0,0.0,0.0,0.0,0.0,0.3810953377365089,0.2,0.9620927936821323,0.002566633761105627,3376.6666666666665,0.00029615004935834154,0.0,0.0,0.0,3.0,0.0,0.0,0.0,3.0,5.0,10130.0,8.12464430857462,-8.12464430857462,0.0,0.0,0.0,1.0986122886681098,9.22325659724273,0.7968724844866346,0.5394604064777212,1.6664078392140464,-0.024877997467975286,4.736841925838533,2.166951393501188,8.865855261175755,-1.1872306897629419
openml_190155,5.020278168076652,0.0,0.0,0.0,0.0,0.0,0.017712569503847777,0.023255813953488372,0.0578714867184938,0.005208433804664442,202.49609375,0.004938366866644804,0.0,0.0,0.0,256.0,0.0,0.0,0.0,256.0,43.0,51839.0,5.31072059623708,-5.31072059623708,0.0,0.0,0.0,5.545177444479562,10.855898040716642,3.659696969489247,5.792459970952803,25.671071284104983,2.007377975306567,185.43397008190152,97.79026293699735,1555.153841811003,5.751108462379804
openml_190156,5.020278168076652,0.0,0.0,0.0,0.0,0.0,0.017712569503847777,0.023255813953488372,0.0578714867184938,0.005208433804664442,17.777434842249658,0.05625108509037597,0.0,0.0,0.0,2916.0,0.0,0.0,0.0,2916.0,43.0,51839.0,2.877929947588094,-2.877929947588094,0.0,0.0,0.0,7.977968093128549,10.855898040716642,0.9889934588702832,1.9986319572268303,6.616286408250082,-0.6479229852751911,6.859871935253245,6.078569040052152,68.14773851209739,-1.4995205446780366
openml_190157,5.020278168076652,0.0,0.0,0.0,0.0,0.0,0.017712569503847777,0.023255813953488372,0.0578714867184938,0.005208433804664442,33.06058673469388,0.030247497058199426,0.0,0.0,0.0,1568.0,0.0,0.0,0.0,1568.0,43.0,51839.0,3.4983418398062898,-3.4983418398062893,0.0,0.0,0.0,7.357556200910353,10.855898040716642,0.8442008598566034,1.644210659965245,4.648083339118293,-0.5646600048662718,4.583331443052347,3.671871131339896,29.243589561056538,-1.537302884527045
openml_190158,5.020278168076652,0.0,0.0,0.0,0.0,0.0,0.017712569503847777,0.023255813953488372,0.0578714867184938,0.005208433804664442,33.06058673469388,0.030247497058199426,0.0,0.0,0.0,1568.0,0.0,0.0,0.0,1568.0,43.0,51839.0,3.4983418398062898,-3.4983418398062893,0.0,0.0,0.0,7.357556200910353,10.855898040716642,0.9565417588804598,1.673193460002949,5.107785500673523,-0.7450592276883072,5.248748492114766,4.287677708155066,36.43984800299004,-1.4849205561359367
openml_190159,3.321928094887362,0.0,0.0,0.0,0.0,0.0,0.0,0.1,0.1,0.1,89.28571428571429,0.0112,0.0,0.0,0.0,784.0,0.0,0.0,0.0,784.0,10.0,70000.0,4.491841500681089,-4.491841500681089,0.0,0.0,0.0,6.664409020350408,11.156250521031495,3.126715452847821,2.482540115143557,35.55214345434962,0.45700218390203745,77.66233011554401,15.751816211834123,1455.0609973702071,-1.5361868039862692
openml_211720,2.082191161866893,0.0,0.0,0.0,0.0,0.0,0.1469590962406604,0.125,0.44291338582677164,0.0021872265966754157,41.56363636363636,0.024059492563429572,0.0,0.0,0.0,220.0,0.0,0.0,0.0,220.0,8.0,9144.0,3.727225659122285,-3.727225659122285,0.0,0.0,0.0,5.393627546352362,9.120853205474647,0.6087827683515202,-0.34654108244696913,0.9690033339560091,-1.0010793909110556,0.46211496315384754,-0.2393779433418645,0.7347765660913996,-0.8425849255343123
openml_211721,0.997477865912856,12.0,0.0,2.0,2.0,2.0,0.02955665024630541,0.5,0.5295566502463054,0.47044334975369456,406.0,0.0024630541871921183,0.8571428571428571,1.1666666666666667,6.0,7.0,0.0,0.0,0.0,13.0,2.0,5278.0,6.0063531596017325,-6.0063531596017325,0.0,0.0,0.0,2.5649493574615367,8.57130251706327,3.551525153864122,1.616857857561165,11.125887992815708,-1.536899880894269,53.50020028697181,20.25393224614765,175.21655638228276,-1.9120887183779653
openml_211722,0.22576007943036916,197.0,19.998639953756857,7.88,104.0,2.0,0.463552482140817,0.5,0.963552482140817,0.036447517859182946,16086.81081081081,6.216272521387338e-05,2.0833333333333335,0.48,25.0,12.0,846458.0,13.0,470281.0,37.0,2.0,595212.0,9.68575501094388,-9.68575501094388,0.03843545365893706,0.35135135135135137,0.7901067182785293,3.6109179126442243,13.296672923588106,11.748045664770045,0.4843897736655086,51.75070538891857,-51.75070538891857,485.3385791509779,137.13055626414905,2676.135508250644,-1.8864665787338395
openml_211723,0.5227546029742978,24649.0,1584.6623016403373,181.24264705882354,18543.0,2.0,0.38228576981948054,0.5,0.8822857698194806,0.11771423018051945,172.57442348008385,0.005794601423746932,0.39882697947214074,2.5073529411764706,136.0,341.0,2399311.0,42.0,82318.0,477.0,2.0,82318.0,5.150828583891992,-5.150828583891992,0.06110452266133845,0.0880503144654088,1.0,6.1675164908883415,11.318345074780334,15.366754554051061,3.7720854131836234,226.9870651132549,-86.48962179996239,2761.157726914109,364.6001241404373,59850.48300201545,-1.9999046034136216
openml_211724,1.2353170276011411,9607.0,1002.1856226072417,505.63157894736844,3830.0,2.0,0.20077022968503935,0.3333333333333333,0.48879727040090987,0.04984361671879443,3517.0,0.0002843332385555871,19.0,0.05263157894736842,19.0,1.0,2288.0,7.0,957.0,20.0,3.0,70340.0,8.165363632473982,-8.165363632473982,0.0016263861245379586,0.35,0.013605345464884845,2.995732273553991,11.161095906027974,6.387519941134912,1.3358503476110333,27.90263135789071,-14.343251015293047,523.1809511841878,114.97429616928825,3493.1887000394704,-1.6328918287716518
openml_190154,5.474913436321767,0.0,0.0,0.0,0.0,0.0,0.007932955132391874,0.02040816326530612,0.025838648712497046,0.0016832034018426647,345.55102040816325,0.0028939286557996694,0.0,0.0,0.0,784.0,0.0,0.0,0.0,784.0,49.0,270912.0,5.845140303530187,-5.845140303530187,0.0,0.0,0.0,6.664409020350408,12.509549323880595,3.025384584799715,2.6171995527235796,30.323651941567128,0.36911126910873726,64.43299517578971,15.657174620410629,1043.616777521363,-1.6403784583987122
